id,predicted_price
2591820310,367344.22
7974200820,768360.25
7701450110,1082817.2
9522300010,1598880.5
9510861140,702823.1
1761300310,264374.97
7732410120,769573.25
7010701383,630031.75
291310170,442330.97
4232901990,516505.6
6840701125,521649.94
3971700580,366803.0
4202400078,270623.28
6064800090,327873.44
2626119028,258807.66
3303980660,1080028.5
862000020,651210.7
2386000070,1093264.1
1138000450,383580.16
1775800420,474973.47
2291401425,474169.66
2025770560,845935.06
3525069037,695001.44
9324800450,598344.56
8080400136,663896.4
8651540040,569385.94
9407001790,232875.16
1773101530,249964.95
9432900250,332424.0
1794500695,534527.0
2220069003,326776.2
923000120,504671.62
5728000060,512085.97
16000200,246273.89
1926059094,384813.06
6672900220,677811.6
3629860060,973690.5
1822069109,414790.25
6675500105,351652.97
249000180,1666075.6
226059065,560316.8
396100110,280116.62
9264450460,315778.0
7853361210,398381.28
9474700020,294001.03
421000455,264813.78
3755200220,358130.06
7960100075,484219.56
9477100490,372790.44
9138100350,619411.56
1624049275,455461.2
2770606890,574562.5
1157200189,362533.75
2770601800,580099.7
9301300805,528361.5
2325069032,1120939.9
1021079099,334451.5
7215730040,741882.0
1853200080,458867.1
3224600340,759891.8
3222049120,362480.53
2113700025,274570.34
7893207925,238500.22
3586501085,567526.44
8024200010,471448.44
7116500705,180309.58
1598600209,362680.06
7204200025,471327.97
4206901505,538763.5
2937300440,870297.8
7205000180,290655.34
8718500665,386151.62
5318101765,754725.75
4122700020,788906.56
8078700020,488897.78
3303980680,875844.75
8924100372,1147666.6
2781270210,225904.77
519000043,550389.25
3225069301,1270638.5
151000075,652485.06
2297400020,455252.3
6617500085,671626.1
104510180,237544.33
3528900060,834649.6
3345100286,670099.56
1226039130,415572.66
8712100720,707408.6
3037200010,395252.4
3626039268,393199.25
104510230,244981.08
5112800060,367040.97
6072400280,649987.75
5317100570,875901.5
9528102993,547346.5
2919201095,561963.5
6181400920,254645.81
185000161,282821.06
8691400010,802641.75
3345700165,634286.8
6151800486,245166.19
4340000080,1167420.9
4136960010,477796.56
3634100030,306261.34
1624059224,1327217.0
2788400090,256750.98
9828200762,477189.12
7524400250,490011.03
3528000290,705249.7
5700003630,1791541.0
2720069019,245123.39
7227501170,259479.88
2397101270,629097.5
6792100090,682462.3
2770602265,511373.94
3971700937,327173.47
422049203,237980.38
3076500830,311237.12
1423400260,322969.75
9161100795,435465.78
3126049052,497369.84
5100401468,420516.22
514500235,400839.75
1423200170,201719.56
1402100070,427926.53
624110020,764656.3
2407000145,223485.06
1890000225,790513.0
1320069271,303253.53
5490700085,387169.38
263000155,464595.0
3726800201,462135.38
5153200358,318048.06
2725079018,755972.0
7165700200,286396.5
9429000170,552985.7
8718500075,343136.6
1760650950,299503.66
1068000559,1350875.8
4113800500,661842.5
4077800507,585002.56
2725069150,800201.4
4008400035,702411.06
7016310270,474074.25
1432701230,239479.58
3278606050,446455.88
2473350710,394307.78
2185000685,206041.73
7792000025,403587.72
6868200029,527014.3
624069003,785197.9
7431500280,843598.75
3296000040,560211.56
1118001215,1558146.9
6453900040,615066.8
333100209,610339.7
34001765,585575.75
8946700100,410643.34
5561401210,649266.6
6671900095,334601.12
3275850020,637801.3
3876300600,421393.38
1450900020,259406.39
8562780280,329307.75
7663700973,385424.25
2126049032,361254.03
1823059159,221309.19
3438503426,272726.84
9297301495,529679.8
7140700850,359374.75
7942601805,693230.7
2555900030,343846.78
2887970040,302310.2
7419700010,650911.4
2239000011,390608.8
9283800050,341860.44
9407001340,266802.44
217500140,651087.7
7212660520,224484.33
3298201170,404685.38
3057000400,363432.06
6865200444,500383.8
6071600340,528002.4
6821600005,687258.25
1235100371,1036985.56
7796450340,440883.9
3603000410,144551.25
9297300255,549523.3
9126100850,562872.6
2770601462,564706.06
2599001500,236639.89
1102000095,745516.9
1853080640,955987.5
9551201585,764488.6
3438500796,300691.06
7518504291,530858.6
9269200340,384205.8
715010130,1476114.5
1982201485,728822.94
9526500080,343931.75
9277200180,478438.12
6669150280,330209.06
8917100153,694917.94
3760500516,1081755.1
2725069050,1014751.56
3332000091,354026.94
8562770080,614994.7
8151601190,284669.0
8563040160,700748.4
240000269,585315.06
4307350200,286274.7
1311910300,293422.34
3574900030,482531.0
7853230570,443369.5
320069049,286347.88
9839301060,715156.44
7011201333,559824.9
2781320100,300026.53
3421069120,532684.8
7852030320,502675.8
5316101075,2465924.2
5309100750,543210.25
629000730,667921.4
511700170,306885.0
1562100030,436402.0
2489200230,487693.06
524069116,473736.2
5315100737,733055.6
1868900675,858334.44
1608000120,354159.97
705700240,360588.0
7575600610,269882.03
1778500015,744494.5
5423500240,206687.84
6713700025,321925.44
2734100734,270301.9
301402280,221475.36
2113700205,265849.97
4114601570,2273716.2
3332000615,349094.44
3630050180,374936.88
6852700520,593175.5
6870310010,724080.75
6163900981,314261.16
393000142,343345.12
1771100130,320750.5
1442860160,387984.38
9191200435,497334.25
6788200800,991557.8
1115300070,577940.6
3176600105,770891.0
2770604665,555732.7
5469500580,361051.5
5680000545,460626.6
3424089119,625257.0
1328300180,342362.88
1773100922,359283.25
4123830480,349364.22
9808610190,930789.6
4250200140,266128.5
4217402115,3304385.0
3831250350,350061.6
2397101055,743548.6
6817850110,768742.1
7526800200,659574.75
7853370100,591282.25
2523089025,788532.0
9476200680,289661.66
5714200140,369907.0
3575304895,598530.6
263000018,395093.75
8080400177,629880.94
6450304130,335009.2
514500090,607078.94
9477000300,469618.5
853600310,1370969.0
1951600240,218310.1
1099900120,365546.56
5323100120,562971.4
1223089016,579331.75
522059172,237753.97
1930300190,630070.2
9542840410,318407.4
8665050530,451826.25
5592900205,337821.9
5450300010,587219.94
2459960030,331428.12
3331500455,444749.22
3432500705,425900.62
3702900165,335935.38
5249803550,558151.0
626049058,463741.1
1788900380,177821.98
8075400360,201858.7
9113200250,722425.4
2738640040,651429.3
7821200307,425937.2
3530440140,215746.73
3582700130,418570.5
9276200569,823430.7
7197800020,597896.25
686200490,517568.2
3501600100,391906.2
6383000690,541146.2
7604400150,301767.22
5249801411,919757.0
2607720420,452833.53
9561100010,389877.88
1796370590,282597.8
4077800593,387788.7
854000165,256599.47
5536100010,742477.25
4188000670,808822.0
31000165,1273372.8
662350050,900839.44
4137000280,254795.94
6169901130,1031720.94
1953400510,281411.78
7518506716,852010.6
1552520010,397672.97
7955080270,357433.3
9212900100,582419.56
3438500798,300691.06
7899800890,243401.45
4319200605,464935.84
1329300480,327377.6
8935100100,896381.4
5016001260,481179.94
4337600280,314170.06
1446401220,196624.17
7135521530,624666.94
6888900115,323778.97
2413301070,339309.1
345700040,246017.31
5566100145,445949.47
7634800070,399337.2
9346910500,594695.2
3529300060,278442.16
8128600060,1409961.8
8572900275,226136.9
4139420590,1353048.2
9274200322,578291.25
1472700200,536540.75
8820903380,530934.06
8563010130,1060447.8
8965450110,883265.6
9274204230,561837.0
8165501700,339158.97
2193340260,500930.03
1860600290,793432.9
1222000055,229872.06
2492200280,593943.6
2488200455,422906.75
809001520,1418875.2
1796361140,253211.7
6398000011,628064.06
6813600365,529784.9
7504100920,735430.06
8835770330,461444.84
524059322,779999.6
4307330280,391621.12
1245002952,839110.25
2021069059,259808.97
5700000595,577485.0
3629970930,679869.75
3336002215,324044.03
5100401060,703771.56
3278600750,262546.56
1126069045,1247473.4
7568700175,296719.5
452001475,468162.53
9283800230,459838.3
1737300130,621368.75
6189600040,513239.3
3679400025,528234.06
1096100010,335010.78
9513900050,233683.17
5452800645,667937.94
273800100,237329.22
7228500037,469718.84
808300090,518842.25
2493200215,504432.0
5035300255,716938.06
3380900160,356140.34
3630000130,426969.38
7300400670,269114.34
6798100070,359110.62
8078400010,617462.4
5566100060,550117.94
2768200212,499008.03
4035900060,529520.2
9460000110,401278.06
7199320190,631833.9
2225039081,541248.9
9512200050,637491.8
2634500085,293232.12
3654800200,320078.25
2724079090,823191.2
2597520720,698869.0
3034200426,382627.3
984000130,302386.3
7852020670,424105.47
7923500060,632888.6
2310030510,289794.56
2205500540,481300.2
2493200015,452348.8
7853361420,604471.75
5652600605,608845.6
5285200020,344263.5
9406530150,360567.72
5706300020,521715.6
3278602490,401341.62
7197000100,575735.75
4447300008,683739.2
7899800045,242392.64
9250900095,341145.56
9268851740,587939.44
8682261440,483907.5
7284900385,752419.56
8079040300,427011.72
2225300585,404673.8
3223039013,540816.5
2013801350,261940.1
4055701110,670211.4
3578401770,447371.78
4046500720,573733.5
6145601745,300630.88
5207200195,746615.44
1972201856,524888.6
7212680080,255332.05
7277100510,598043.94
522079022,414753.88
5605000440,631395.3
6632300230,355435.94
8815400165,677185.56
6708200320,799588.75
2426059076,641647.3
3260200200,582786.3
2770601741,449619.88
4338800500,251742.69
9201000320,692717.2
7655900038,324344.53
3625059140,567548.6
4222310010,215332.55
2114700115,337493.12
3291800710,387191.88
9406590010,432011.44
3025059124,2083985.6
7972601250,428748.8
930000470,663703.9
6690500060,506258.06
16000015,196684.0
5693501102,618955.1
8079040490,438303.12
7225000155,410683.28
8819900170,837245.4
7972601270,313966.1
1224069074,796479.06
5126900321,326239.06
3438501860,284189.94
2822069080,361753.25
1656600310,504764.53
3856900507,929154.25
1626069139,528239.06
2524049257,1707378.9
3904960150,497314.34
7214820610,524427.8
7977201845,538208.9
2428100080,780518.25
2202500135,372513.62
1523550220,676465.9
2313900610,464898.16
4123840050,410995.56
2125059124,887860.75
1225039067,442516.2
6431500283,453451.5
2473380010,299236.12
5694501195,383965.56
2881700046,390017.72
6837820330,335814.0
2337300370,204656.0
3876540630,227767.56
626059317,356058.84
3374500520,345639.25
7228501903,348041.3
4019300051,429388.0
4232902615,680267.25
3546000090,237147.31
8127700215,763124.25
3438501100,305780.4
1769600066,653259.6
8146100610,659840.9
3052700695,570936.2
7954310210,635279.6
3761700053,992436.7
1320069179,286723.34
1331900410,780833.2
7303100210,353243.8
2464400285,503405.97
6163901150,376268.66
8955800045,364404.2
2314300200,476950.7
9528104360,435370.7
4177100005,732403.6
8856960260,333667.12
1828001220,819304.1
3066400710,677481.44
624110610,944862.5
4040800260,422586.22
5019500215,476498.34
2481630180,848775.56
7203170190,687850.4
510001280,696100.56
9430110120,648118.4
1565950030,310324.84
9828202255,736711.9
3878900270,368345.06
8091600080,205988.69
1112000035,323202.38
2228900270,301881.2
6648701740,311893.78
1245003740,653125.7
2174503441,505133.4
7708250010,318712.44
6072300110,570321.25
2329800140,273148.5
1494300040,554490.75
3832050130,271894.5
7203100730,916278.7
7199330170,486724.75
7785000220,605320.3
1250201175,379767.34
4054500180,1009115.7
7905200061,494236.38
3751604895,204102.45
5220300140,325896.06
3323059027,325627.66
8651611980,856155.7
8673400190,572857.6
1668500100,864109.1
1023059365,487480.1
3308030060,334280.9
4232400860,771440.4
2144800615,208068.89
1568100920,1083519.8
9406510040,533443.3
2923049421,303838.0
1051000040,1219292.9
2077700042,754130.75
9423800030,278469.78
9818700455,646706.4
7133300675,395905.8
4113800550,653406.6
5553300375,1171213.5
2025701530,279804.25
7942601155,449321.12
7524300020,265253.3
2520069100,308538.9
5412300410,222124.95
7504110760,682183.1
2594200350,324427.75
2722059013,227145.44
8078430480,571473.8
1423069162,541524.06
8856001090,161545.3
7000100631,760118.6
4222200280,226172.94
7971300050,715670.9
2009001600,205357.1
6619910140,745452.1
2877100985,579903.3
1196000007,440000.97
1330850130,749544.0
6664900410,244961.92
1231001110,365247.9
9235900030,240298.14
9407101840,397797.38
9523103001,483099.62
2149800278,363661.94
7234601198,610156.94
9476700035,407500.53
9297301065,446862.25
518500700,640905.5
7843500090,327494.38
6056110780,344151.25
2345700260,351691.53
3509600070,246989.39
1431700280,373883.16
1623049174,300763.94
3024089049,422630.16
7853340450,402304.22
7732410360,745038.5
1446800995,316190.88
2946000285,251741.73
425079100,463110.0
3876313040,463648.25
1762600260,1067047.9
1925069121,764213.06
7443000480,851006.94
7820000015,356842.06
4027701253,453991.5
2826049165,359851.12
5426300060,867711.25
1278000210,166878.34
923000270,338458.47
7657600005,291565.7
3024079057,407666.12
3276180020,293517.22
7304300760,313741.9
3908100020,540570.0
8835400805,716904.56
4051150070,214657.36
3904930530,455022.7
6163900971,335627.0
7942600310,377334.12
4365700330,242220.25
423059207,223345.94
3992700265,343666.5
7177300090,448781.1
2540820010,646085.56
5700002510,580745.1
5201000030,551708.3
7631800015,997132.75
2922702965,591086.6
1525059198,864388.56
1245003160,661683.44
3810000455,332845.56
7855600080,784360.4
5701500030,1123992.8
7504020400,622307.56
1402600570,303281.3
7575610760,260165.5
8731990370,354491.47
5021900090,874302.5
290000075,373738.06
2841500010,632632.75
3955900830,479451.22
7852110140,552713.6
1311400350,251291.75
7773800015,516217.5
4123400320,572527.75
2725069157,854407.75
666000143,752730.3
5101408678,548182.8
6371000026,383495.28
2024059084,659922.7
7283900036,291061.44
8881900230,763052.25
3959400135,349705.56
7696610270,232473.52
1689400150,898141.56
5103900015,459295.28
1441000350,515426.5
5101408735,290040.38
3126059027,1631918.2
2320069014,393747.12
9541600015,648225.94
8682320420,645105.44
1562200090,617337.5
3395070980,552715.25
7349600230,233294.39
522049122,251983.38
869700060,290627.62
811000055,1451300.2
1221059176,414897.06
1523059103,492459.78
2025760210,702961.25
9218400088,289708.62
8682292020,467354.66
2623089135,410701.3
3758900259,1061955.8
524069049,495095.9
3121500150,883895.94
5581400080,782613.5
8087800020,455019.66
4070700290,740161.2
3296000170,739847.8
9238500040,620851.6
2744600040,375025.2
6813600380,634495.56
6140100150,506959.1
2201500555,421616.1
2600110250,622146.75
4337000275,218981.94
1186000150,532141.5
1972201963,487152.47
1105000745,327820.3
2887700560,631267.7
4039700080,508118.8
522049104,352346.2
4202400078,270623.28
7520000695,205876.34
7714000310,403260.7
4319200060,717594.75
8624700015,828749.25
5104520610,296139.97
2354300845,319118.16
3824100291,535077.3
6151800612,267451.53
5454200080,762460.1
6413600290,334609.4
2131200065,346591.22
1459920010,252290.44
50300090,435747.84
2326300090,578028.25
7714000070,403260.7
3630180500,936145.25
1727850340,923320.75
8691430330,903786.7
2310030390,251916.58
5561400610,610402.0
7010701016,466644.75
7883605915,241048.92
1282300995,366577.44
4040700310,513158.1
3353400435,230268.77
2143701015,386513.78
255450020,367315.5
1020069017,291781.25
4038200120,514405.56
9284801100,316699.7
1965200075,775544.0
847100047,572863.6
4038700720,513843.2
6815100085,988162.25
2508000020,329341.66
255520180,812226.94
6822100750,698607.8
869700050,308400.94
1775801405,581626.94
6600400090,239155.95
7202330270,421251.94
1683400165,691954.6
2625069070,1116874.2
7625702440,459416.62
3388000640,233381.4
1899400365,272113.2
6899990200,793578.94
5569700020,804421.1
986000045,282906.03
3293700221,321381.56
3764800250,332112.8
2291400566,391112.4
4219401236,1260936.6
4239400840,164604.16
7211400990,216733.72
7696500280,197752.69
7215721070,536931.9
3204850140,382170.72
4322200220,1070334.8
2566300100,968713.06
1944900090,420586.0
6648500390,258010.19
7385300020,846838.3
1704900135,313302.06
2877100655,737074.5
2726079098,573430.44
7625703800,431693.9
318300040,634156.75
7922800190,510786.16
2023049361,203405.62
8946400210,480477.44
6071600450,554517.7
4343800100,428553.84
1443300140,395773.3
1024039001,924516.44
2767704860,549005.8
7234600851,642777.3
644200065,970345.0
7784400035,438025.66
3826000560,251458.12
9272202260,531556.7
263000253,391640.56
3621059043,565714.06
240000130,429940.75
1352300120,269493.7
7849200861,278316.56
2487700130,636557.44
1796100140,253128.4
7234601221,589219.8
8651710190,478090.56
2916200091,494606.03
1232000915,545457.5
1545801970,276273.72
3211200420,311706.75
7686204675,193015.38
3141600210,229513.7
3959401284,490712.5
2113700825,286348.7
3876000710,397908.94
522069022,436994.66
3214200070,333356.38
1221039156,322475.47
259600790,408156.25
785000040,463176.25
8138870470,490618.0
2596300035,335013.34
540100057,1578215.2
3073500045,656763.4
5363200266,415697.9
8682261650,499701.88
3224510080,840702.6
3211270160,395580.12
9269200520,240091.53
293810190,441730.7
4197400043,303707.94
3026079031,338572.75
5332200405,936036.3
2473411210,313909.8
9268200315,580210.94
8123500050,656813.5
3221069091,425705.7
2485000165,672414.4
4058800215,707698.75
1926059039,782424.6
2533300680,1034559.56
3343903640,326076.7
5700003705,1001543.44
2023049372,401563.66
4058800830,618884.9
3333002302,424980.8
2944500340,277756.8
1982200790,536861.7
8929000270,500962.03
8122101440,261539.45
7525530470,816553.75
9332800020,698545.2
3878900525,228251.38
5420300210,280910.38
9232900165,331921.88
6414100026,437841.9
3013300660,533063.44
7954300120,558130.25
1081200360,338687.38
2877102345,620617.25
2202500255,421689.7
7984400050,226731.84
9558020380,510697.0
7812801850,230157.67
8944460020,349054.8
2306400040,578770.2
8649400410,421367.25
7889602020,231060.25
2041000025,503021.1
871001484,630161.56
2767602141,539187.06
3630180470,729706.2
2769602140,491429.5
2473250280,376842.5
5422560660,543309.75
3756600240,347111.53
8651600160,727322.44
7202300540,852056.94
8961950250,441940.1
3303000130,420456.88
798000062,299230.72
1695900150,674714.0
1604730150,487462.9
4136930310,321011.22
8835401250,1261411.8
8665900328,432176.7
9262800255,243351.31
1853080570,796071.25
5556300114,754350.1
9517200290,532479.1
4037200295,485685.2
7417100123,418947.06
2620069077,201405.1
7922720040,814099.0
558100090,433012.5
257000037,281822.7
3319500385,467788.53
9297301520,322542.8
3580900090,377355.34
1321039076,180501.58
7227801581,305104.3
9407001620,294123.6
2130400150,310704.47
2312400200,270790.84
4046700210,446460.97
1193000480,1122519.9
1492800296,552133.06
3013300017,402962.75
3630240140,527771.3
1049010390,348119.34
9320900420,167291.53
4315700060,449873.8
2591010290,332417.97
323089085,492236.75
6600400270,217844.86
2919701105,498885.72
7202360670,915198.4
8927600100,836238.3
3211700045,595361.94
4027701326,539843.06
1601600195,304947.8
7853280350,967497.1
3629970130,731182.3
7203120020,837057.75
9542900190,353652.7
8035350120,501610.78
1238501184,858481.75
251200240,499235.06
8945300200,193257.22
2162000160,853557.5
5466310060,244692.7
1239400064,844921.6
5205000020,341468.47
1720800305,562905.9
7280300375,621555.44
2095800400,469080.03
7852010950,503752.72
1428001160,480525.56
9528104910,790225.0
8644210470,760539.94
7923300310,523658.66
254000100,583685.1
1931300688,576732.06
7007700030,426271.62
422049178,241486.55
422069067,492359.75
2923049393,373827.2
930000305,483948.56
2461900448,406803.94
2610100020,301539.94
2895550050,251828.17
7701700040,289486.56
2460900020,498515.72
9827700105,622309.94
1005000240,320717.47
7200001254,538377.8
866400040,494721.16
305000170,650658.2
2260800110,878736.2
3442000127,623003.5
5253300437,477931.94
7576700150,959848.1
5469501410,618619.4
5104531120,534736.56
723049434,287723.7
622069006,898741.4
2517101200,328986.94
8159620160,243657.39
5561300640,371927.2
3317010130,222989.23
4364200250,387727.7
8732300060,707287.2
5603700025,675938.4
3585900190,1045098.8
3996900575,290055.03
8731801260,235075.94
3810000860,272872.78
5700003585,1790794.5
6332000050,438421.44
9286100250,455480.3
9471201110,841614.75
9290800050,420024.44
7300200400,637408.5
526069024,922606.9
1454600156,1142046.0
3904980360,502811.97
2626119062,304424.2
8651730290,498565.16
7611200195,657859.75
1919800260,623239.4
6632900354,308111.97
3972900195,255294.56
5151600170,263780.84
7016000440,482345.1
871000435,778454.6
9578060540,494534.8
2332700060,848841.94
766000240,325543.5
4363700200,302330.94
7100000250,331312.12
2781250560,230639.53
2781250100,357753.88
5419800220,291710.88
7147600245,263916.72
2926069083,1012323.5
6189200125,866804.8
9542830160,277874.72
5152200020,239742.14
9412900045,391328.44
6600410480,230095.78
6979970080,643017.6
5636010280,257405.1
1732801300,860073.2
5561401530,355487.12
9578500510,349184.0
7304300906,326887.47
1223089077,659224.44
721049207,292472.75
8691330310,835355.94
1523069204,424875.88
3188100105,583233.3
6608500290,413730.7
2891400410,353832.84
7663700551,342699.7
5413200140,266427.9
425069139,552658.8
6713700155,356003.5
2767603505,469437.16
7789000080,261296.62
9211500620,240392.12
3750604417,198404.39
7922800320,514253.03
1471620240,338337.44
2222059052,367635.12
9551200270,1147228.9
2767603160,498680.72
9406710060,355739.78
8929000250,340775.84
5538300120,455292.7
2223069120,529250.1
1652500060,1795639.2
8564500240,411726.4
3629700120,659639.5
3943600070,412112.2
4171200025,306767.34
2425049063,2960331.5
9828701650,479243.7
3581000340,348651.94
8100900015,398715.75
2125059161,1002743.8
304000380,191282.95
8146200070,1354879.2
686530170,599995.94
2917200645,519633.06
9547200530,838574.25
2122059199,616352.2
1150000740,559691.44
5706200060,313207.06
9265410010,224236.34
4083800555,487700.06
6152900332,345193.56
2520900301,229729.84
9828200790,518897.66
1657530180,307159.34
7471900045,352640.66
9828200460,298367.0
1775900140,462943.5
6139800430,480307.94
7214400005,527112.9
5332200026,572506.44
9510970300,802393.75
2540830020,438820.5
3392100140,217766.75
1326069191,385080.34
2125059112,915395.7
859000022,352367.7
8854100350,593311.8
121059007,221000.22
7977201707,543657.5
3859900060,2367253.2
8815400735,791273.25
705700530,350874.78
6600780130,400800.0
6378500105,423615.56
8143000310,481505.88
2877102330,709994.5
3526039074,540596.8
2115510300,235998.48
3024059014,936527.44
2141330360,569948.25
546000400,561251.1
2071500011,409356.53
7972000240,226653.8
7016200460,484128.12
6204200180,448715.2
1552100135,1286110.5
88000173,384162.25
2581900235,740264.94
9211500560,249260.1
621069218,398962.25
1321970240,274672.22
798000630,317288.88
421000285,299560.22
2824600180,824789.56
3832051140,350881.47
1237500105,732020.94
8802400906,276103.56
3166900270,369872.8
3682000060,408966.72
5469700020,277594.22
1245001820,643136.6
9547205660,637111.94
7974700122,631997.75
7550801225,549856.2
1099950050,820155.5
1402900460,328908.2
7636800041,844935.3
2115720270,250965.55
8651441750,202771.72
3904100035,327092.06
8815400020,629619.1
3303860590,451297.44
5427110040,1193471.0
1782000160,303798.6
6204420290,480551.22
3995700245,301577.62
7955040130,453446.3
1442880650,493013.8
8833510230,909434.3
7283900551,335071.16
4396000180,240644.2
7504021310,755061.25
322059264,249264.61
3654800040,306848.12
2767704777,559805.1
3278602190,383549.44
3236500220,499249.34
3410600100,276382.8
629410180,792957.9
3352402250,197677.62
4363700304,314133.5
7237550130,1080433.4
9808590210,1155414.4
8074200175,263413.06
3463400330,525554.3
6306400140,990449.2
8564950250,548572.94
5381000070,185377.44
9826700697,416429.6
8132700190,492674.47
7943000020,178352.39
9547204675,605344.0
4112100101,485984.5
727500030,634826.0
114101426,348871.12
9274202005,749672.75
1193000380,784023.1
3039000020,537263.25
7852170130,628122.75
2624079010,628519.44
4137010540,306973.7
7576200012,748829.56
1138020020,293914.97
3969300030,215354.31
898000200,220415.69
5153100030,332551.12
5104532030,579769.5
4406000050,206580.45
9274203390,678730.8
8682290360,416868.66
6928600330,290667.0
4139680070,831034.1
6844702690,418340.62
2154970020,1625984.0
4385701285,1113332.0
2426059071,547275.5
2867300160,554949.94
9512500720,543499.44
1773101020,311579.25
8687800100,284646.47
3627800050,1296823.2
1604600227,344512.12
3300701170,470843.66
9250900111,445035.2
7015200790,650864.2
1311100490,258058.9
2469000010,633166.3
1982201596,602032.44
1862700290,315998.84
2586800270,216304.02
9528102772,605944.1
5490210200,482677.8
6669080020,467598.97
179003055,203717.4
1860600535,778576.4
1592000130,618035.0
3905040170,548873.9
9320500080,276546.0
9276200850,447566.8
224069114,664538.7
2260000340,641307.8
5096300130,388307.88
3432500215,384453.97
2600000050,689927.06
8856003839,222311.03
2492200435,519494.3
7855900110,1006882.56
6806100250,350803.5
2770603523,485021.44
1370800515,2267049.8
2726049150,486562.3
1226059161,623786.44
1068000375,2646481.8
9528104109,499587.5
5126310060,524177.28
1951820070,533835.7
1545805980,442856.9
9464700340,892046.7
4319200675,809687.1
7518500885,569838.44
7852020620,460308.22
869700370,334213.0
8643000190,248356.05
8902000267,562059.44
7972602435,240541.19
2050100210,765997.06
6705120540,473187.6
2767601390,588526.75
4141000490,967705.7
9345400350,763149.0
3222079162,352128.16
7789000120,245781.64
6646200770,644521.8
6666800180,763656.44
1725800280,479993.8
6117500460,542788.75
5470100220,230048.17
5457300478,482781.38
7550800195,548401.4
7787050180,529016.0
6204430250,496043.0
7640400250,472999.44
624110920,789436.4
3629920140,394657.66
7173700518,744922.0
3210200395,270234.12
2473480560,416916.38
2623089141,469874.3
1423800080,204239.72
2076400050,282274.3
3832060120,299926.4
7702600930,351189.47
5101404555,347841.25
3723800415,457950.34
3356403400,180636.08
9214400125,506829.06
1797500530,496506.38
9551201660,896982.56
3878900815,416716.4
1760650280,331132.4
5466410030,241141.81
6388930620,648746.06
2331300395,794846.1
9412700160,322376.44
871001611,606507.25
3142600120,618431.75
3995700220,330387.97
2310000280,283517.25
8039900400,349878.34
7504021510,726491.25
1959700445,1490414.2
1556200155,476794.25
3629960590,376082.47
259000240,453653.94
662440020,381754.72
3123049142,478107.44
321100260,605613.06
6840701095,518177.66
3738900165,439847.84
4427100130,377920.06
9238500100,475645.25
6145601810,320698.8
2570300090,365402.94
4017600010,465205.97
1005000220,390258.44
1257202120,517533.16
9527000490,507343.6
8691400080,775076.7
1726069084,466195.47
248000240,206285.14
6113400046,359012.7
2130702350,445765.78
920069052,249150.53
6071300160,614649.9
1623049041,172535.31
9268200285,369015.94
1843100520,402104.0
2887700826,614393.8
9122000385,650468.3
9475700220,413495.97
2804600005,799189.3
2896400300,405914.53
5015000180,665857.56
3630220180,845225.44
8832900780,562545.25
1568100300,460026.06
8718500610,377118.25
4147200140,1208172.9
1973700030,884792.44
8862000075,150736.47
9320990110,287427.5
1151100035,425367.25
2011000010,224876.23
1651500060,789918.4
446000190,783124.9
2344300220,890821.6
523049195,174203.06
9191200015,694423.75
7942601410,583042.56
7137800300,213808.86
7853300280,553121.25
6654700240,294370.53
569000050,640541.3
3584000180,214408.98
2026079055,305130.78
8898700880,290350.6
5075400150,609997.5
8731981360,478717.0
4222500020,226015.97
7996720050,619628.44
4077800094,611227.4
6446200365,672047.0
2824089053,538044.7
1311800220,251765.27
3522049063,509952.38
1721801280,207104.38
6131600240,197237.55
7202310040,628147.9
1123059125,515397.5
646910160,218721.05
5630500005,337151.16
3342100785,245180.67
9547205610,625572.5
1773100123,307573.53
3353400092,289756.44
217500015,403183.78
3649100031,386126.56
7896300150,304302.0
623049185,263174.78
1773100430,329908.44
1781500220,587831.25
3395380200,263246.3
2424059170,1624695.9
4389200765,1904639.0
1543000060,497044.56
6154900005,640286.0
2902200240,522686.22
1442880640,519756.94
8562770490,554425.2
2768300655,612241.94
3432501315,322477.3
5035300570,853910.0
3626039028,392588.12
3876540780,249393.72
327000100,1090795.9
7551300065,446753.56
1312920060,262546.3
2215901230,263225.25
6306800010,407160.25
2767700022,531838.6
5589900610,504826.16
4320200020,675487.9
5249804655,577767.0
9238500480,525404.94
3885806565,1121912.0
7905200205,422831.72
5727500102,290007.16
3585220070,435642.72
2078500210,660267.0
1839920050,384138.06
534000080,334532.53
856000255,551625.7
4141010110,1763513.4
9558040820,678117.5
7768700315,837003.5
2796100640,304216.7
1922059010,163016.16
3448000542,344521.0
3883100220,327618.4
7237301210,280113.16
3893100456,927211.25
9578501110,344565.7
6145601995,417182.06
4024100120,308505.94
8899000050,409429.53
3396820010,585173.25
6749700117,352026.75
1954400060,533825.0
3303970100,734970.8
2540850070,528052.25
3797000745,537228.94
7883603700,224118.97
3438501452,379161.9
3530210260,661644.3
3598600049,193621.94
731500170,280818.5
7129304375,173374.03
263000006,395093.75
7212660560,325881.78
1112700010,436782.16
3420069060,482762.06
2473000470,475348.66
8691390980,732100.56
6184700100,438074.53
4476400275,380004.66
2968801240,258093.12
1529300160,440279.7
7640400070,560915.1
7016100380,402578.62
2172000890,401708.8
4035900015,782648.5
9528104660,984644.0
507100005,426315.12
2783100160,430455.25
3629921140,904642.1
1099750610,248545.12
1330300451,878899.6
2757000030,797728.8
2114700190,392022.8
2050000020,978918.5
3832500790,308183.06
2612000390,340362.72
1483300430,389274.5
8899200720,284632.88
9183700470,313268.62
3530490031,254673.25
7857001225,356117.25
7920100083,491265.5
2254501620,379968.06
3303000130,420456.88
3876200070,428648.66
369000365,346776.7
3052700385,640159.0
7856550240,900359.3
7300410110,341267.25
7201800300,423202.47
1695900060,496780.6
9429500146,820992.06
3629910240,629552.44
8805400090,241441.88
1022069050,286928.5
1138010530,382888.3
7877400266,188328.16
7974200452,784177.1
2126049265,449587.72
9547204350,579556.1
5560000680,179411.8
3793500550,285248.1
4217401195,1214044.9
1826049408,371444.4
3905100210,450335.7
7695370160,438890.38
3210400060,225716.77
6146600170,150523.72
2767601750,507256.5
1773100926,387526.2
5700002125,631255.6
1951100100,161650.86
1402200340,335799.88
8044200200,423231.12
66000070,342443.56
5083100065,226275.4
4027701284,384473.4
5693501100,618955.1
3600072,611570.25
8078550250,348454.16
1922059046,314417.34
2902200016,646884.0
9183700845,172264.03
3333001997,348176.12
1432400525,248525.45
2824059128,525608.44
6453550090,866928.8
6202600070,914027.9
7524100280,221678.0
3524039224,880035.25
5739601300,452209.5
2473000410,467706.44
421059018,268670.97
4232901120,739227.2
5559600140,227234.92
3797310150,277672.34
7986400265,838463.1
3025300095,2554361.0
7524950830,554362.25
9407100730,285420.9
3812400854,410187.75
6002400030,357245.56
2212200090,257211.48
7202330610,527125.94
7300400170,316293.7
8965000110,440699.78
3996900125,315033.56
2221000100,323230.75
1524079088,363952.7
1133000036,381962.3
1868901190,670623.8
4037200530,496939.34
2095500120,331907.0
1995200338,657519.1
8820902350,1061204.5
7459810210,345224.84
9536600010,323407.12
8085400586,1539663.5
7518503065,401954.1
8682320350,638161.5
3179100790,769464.6
9828702666,546185.75
6713700250,506611.6
2141330700,657000.1
7519001990,404172.8
3223069019,319736.56
7994700030,382818.56
2592300450,312611.75
2792000010,458492.22
173000025,323363.62
7203150330,693863.0
3305100210,730141.25
2581300055,992195.4
6613000750,1987159.5
7015200685,487743.78
1323089184,529866.75
3793500510,462966.9
2225079030,331509.06
3578400710,395585.75
8100000090,263308.84
2095500040,311590.8
8682281710,837482.56
6163901380,292493.66
6918720080,650916.4
6914700130,510697.5
1205000215,483509.38
3800008,297237.78
6150200180,261950.83
1223089066,701783.0
7768800290,793195.4
9285800330,790928.5
1974300020,556914.75
7628700050,758893.1
9376301800,599822.06
8651430220,198942.69
629810350,814959.7
5016002180,919243.1
9558010230,373477.97
8732000390,227362.81
7899800586,323802.12
5249802460,471431.8
1446300020,517624.97
7785380150,518313.06
1245500950,640747.8
3362400640,670423.6
7578200310,541221.5
4137020910,286975.56
11520640,773567.25
7972601995,268761.44
8122100160,403281.47
9456200450,275624.75
1328320760,315510.1
4025300285,345647.2
2721600125,964745.06
1123049027,210749.55
3542300060,183038.88
291310340,699821.44
8651720420,470740.4
3298200790,411968.75
4037200585,429853.03
1329000090,1213639.8
9279700013,1274742.0
4151800265,566765.44
7760400210,238196.08
5029450110,220388.8
9492500160,759079.9
3578400270,436459.03
7606200090,308859.5
3682000050,348923.03
1250200415,360518.53
629811600,693257.1
1839500115,390914.03
1176001293,1806608.4
3013300409,393093.16
7853280370,967497.1
3275780030,620032.1
3336001946,276881.44
5456000110,816285.1
2473250400,322060.25
5393601635,557360.56
8820902905,385368.0
1245001659,625703.2
1523069215,461087.66
930000234,528566.6
4083301645,640021.7
4055700778,769804.44
2781230080,417965.75
3629910210,629552.44
7856700060,655851.4
7589700055,479920.56
3888100043,410800.8
6381501636,407106.66
3303951150,377952.12
8638500170,399842.12
5635100050,414183.1
8820901792,1370731.1
5456000025,1215795.6
985001275,158679.88
9560500105,765138.5
1421069117,273893.5
4154300296,330472.44
795000620,154802.83
9828702335,501443.84
1250202145,1124450.6
1163400070,278686.03
5652600065,590492.8
1042700050,745780.7
8899210320,368465.56
1651800030,1384407.2
2919201365,858387.6
4365200895,298241.25
6841700100,713104.44
7376300060,422736.56
7852090180,508673.0
9222400565,454585.06
9542400075,613662.4
7338000150,178913.05
4322500110,526053.25
7694200070,373310.94
9321010130,248387.08
3204300455,1013949.6
6706000040,315126.7
1565930130,492816.84
3279000420,244552.73
194000575,450738.7
2115510160,268410.5
7522500005,588461.1
3787000140,460784.34
7852110690,643958.44
5469700260,348227.25
8691410730,738628.9
114100763,365859.06
1257202430,886168.94
7000100635,450411.7
1900000195,201051.22
251500330,1909294.8
7701960210,782892.6
4037000065,433486.84
522059299,231226.47
6072300800,673028.4
6821102358,520677.75
5029450200,220388.8
8860310240,610457.9
826000295,414365.62
9417400110,422346.5
3959400345,815281.5
8899000430,348320.6
7527200030,718982.56
8562720410,1180408.4
1432400335,162234.03
6699940320,367413.25
2525059172,691256.75
7548301044,388673.2
2141300420,844267.56
5100401414,372503.3
7346600092,250742.11
6852700478,475406.7
87000213,222248.5
5416500260,306696.28
322059097,294829.3
7229900005,359318.9
7116000350,176675.23
3739500096,392086.0
6744700900,534935.44
1959700550,710373.75
5589300435,398489.97
1775920350,344608.06
3750607974,323543.78
5318100935,700362.25
1442700430,524943.2
9346700030,647972.56
1841500050,259141.33
7278100665,390823.8
8635750980,634601.44
6909700340,584418.1
7011201475,861978.25
9348500220,490126.5
3876313170,422249.44
2195700050,863875.1
3760100200,498338.88
3396800120,550128.44
3750603685,265547.2
9828702310,532009.56
8656300380,423005.97
1438000170,549128.3
2423069164,392529.0
2112700845,320719.9
7635801370,568734.2
8572900135,474168.75
7504010590,912910.1
6821100125,440665.75
4310702775,317967.4
2591010180,485916.84
9828700235,609515.44
9376301180,518356.06
1646502355,957169.75
1498301672,482873.94
7715600070,425815.75
7283900045,459072.8
522069119,497431.5
5200100125,651047.4
826069184,437218.1
3271300155,763513.0
4444800045,646904.4
8682291050,689963.9
2770605420,509866.3
1556200205,508496.94
269000970,1409623.0
9264900880,231523.47
2323059074,221903.7
1224059053,646006.75
3755500065,477751.94
2571900430,405828.22
3705000070,301984.84
824069173,673305.06
1735800050,143881.31
3025059089,738883.25
6132600655,806172.1
1068000255,1713814.6
3052700921,664411.94
3024089057,310151.16
7390400026,296371.94
1787600224,395679.72
2923049372,303159.56
7015201015,1038998.06
7701990040,963983.5
1925059194,1290182.9
301401370,331016.84
1931300955,349394.2
2395710070,354287.34
2591820070,414677.94
7883604065,226533.44
808300200,523940.38
1421069159,359829.16
8562780540,335319.22
2787720300,392098.0
2349300069,294922.4
739000035,195489.97
2397101460,596224.5
7625702437,435182.62
5101406441,496825.12
3323500010,861771.94
225039082,701876.06
8078100260,339480.62
4139480200,1241347.4
7436300160,465793.72
822039004,521495.22
8651442910,223535.38
1370803510,576371.4
3342100569,895010.44
1310430400,551655.7
104540820,240511.12
4305500030,548308.3
993000090,824445.9
8044050040,372827.06
5707500050,880765.75
6306800080,282874.47
9206700190,636936.4
8732040090,396547.44
3037200045,371613.06
438000025,622070.2
239000115,380225.44
8929000230,500962.03
7135520610,1280268.4
5561300340,608344.75
9530100085,631505.56
6613000140,1352398.0
8835210130,338491.72
3782400190,371361.88
379000051,285445.94
3869900150,398468.3
4322200050,429616.12
8961980290,741261.0
2558670110,446598.94
1124000010,418859.6
3869900138,467043.66
7853300720,509114.16
251300110,291841.94
3904100041,344867.8
7701990300,828125.9
8682231190,556536.25
7888200240,182707.16
2025700730,297187.34
3066410800,679550.1
7576200040,669700.25
2526069095,1152764.1
2781270530,204899.53
3763300005,460128.72
1523049083,166856.06
923049468,192309.64
3303700221,646801.94
1502400140,217082.9
2880100160,1005884.4
4083304535,1166878.8
8820902549,524392.75
4139400060,856019.4
1222069094,303859.44
9367200205,679578.6
2734100736,267832.62
3856904580,640051.56
3812400789,320984.6
3303980090,930810.06
1314300018,295647.25
9522400350,542431.7
7524350080,317506.8
9406520260,319559.44
3278602040,400461.1
7696620100,237601.66
3751600635,239371.81
6365900065,399560.8
8732800100,288793.34
3876540410,256106.84
7349660050,246582.7
1036700220,587899.6
5417600200,406358.4
8732020310,258124.38
6844703240,899113.4
923059206,340654.3
4038700220,516475.53
2597520900,707942.44
7203230040,1260151.6
8820903560,297261.88
424069112,721322.5
6056100102,575081.06
1823069155,448172.47
9412400220,2096990.1
6851700381,919977.2
13001215,215996.47
3630180340,820152.4
6746701090,583990.8
3832050760,260635.11
369000690,541990.06
6071900130,499832.47
7266200085,642456.2
1473120390,438379.2
9523100458,561488.8
4345000510,257199.22
6600220090,499692.8
8079040320,394477.8
1357900060,508841.34
3996900295,316079.0
1442700250,526117.44
5021900175,651346.7
4365700130,328359.4
3876100320,581788.4
2124069103,468649.44
6700400140,282068.47
7852090810,532300.4
1454600038,997778.6
4137000250,306891.12
9826700726,566340.75
6716700325,471759.22
8562750300,593199.25
9315600050,1731527.9
2790410250,571716.44
7732410130,617291.6
1387301730,379851.75
1568100220,304640.56
3975400085,1071922.1
339600110,475002.0
7888400500,226890.4
1842390130,664578.0
7595700025,400411.84
2158900140,861885.4
6151800070,412006.88
9294300515,692993.4
1250202660,738412.0
9106000005,1179764.6
5035300085,800781.5
8898700440,290350.6
723049197,192550.4
2019200220,203158.84
2926049408,746053.1
4233600190,813818.75
9268851860,433641.06
5458800620,666039.2
424069096,431705.84
8150100265,265586.44
2742100085,458580.12
8045600130,413197.2
8039900086,318172.16
4131500190,345371.38
1370802650,888171.56
821049149,280054.4
5104520460,378279.56
5466750140,256751.47
1703900155,301369.2
8658303065,341387.06
3298720030,382612.34
1839900080,311925.6
1561600025,770354.5
6064800410,392586.28
621069102,244867.31
7853360620,442714.16
9385200045,625409.6
7214770020,568765.6
5412300100,239868.16
2025701360,279894.2
7334602070,371844.56
8029200190,227897.06
2622049052,404153.9
3126049261,383489.06
4443800705,421200.53
2473420100,356561.4
7922710520,501657.66
3336001911,272148.75
3797000300,437382.4
5406500480,663914.75
6706600090,461724.38
1518000230,353067.7
1250202990,775012.4
6441800060,760689.4
2141500070,441986.03
9407101900,267823.44
5451300117,2068231.4
326069132,412565.2
7153400100,242992.56
3083000910,336109.06
3021059304,316283.44
2597530650,758050.44
3972900215,323342.66
2473420070,321392.6
6115400008,385269.16
8682220230,700504.5
642150080,512806.8
3775300030,338887.06
5418200340,630805.5
2424059119,1205474.0
7899800476,252343.38
8598200070,307748.1
2421059125,451478.66
9528102771,689597.5
7522500020,592703.3
7202340720,633882.25
3286800260,698816.4
1121059105,434125.2
7504030220,654385.7
4045100190,1706687.0
9406530090,365657.44
7138000260,225605.72
2600010390,598374.25
2917200365,397835.3
2191600780,200078.2
7784000180,436579.75
6149700194,365776.72
8082400136,810946.0
7202340930,761519.0
1972200556,599899.8
2767604170,620146.9
3271301175,496645.12
3223059303,462755.9
7598100735,1354533.0
3348401490,296249.84
1545803390,278687.62
2296700050,541851.06
3626500045,668362.94
1596600060,253334.64
3616600250,926962.8
8078560140,291140.28
1796360350,231564.1
2770601763,478934.8
3223069118,635682.06
2473372040,403677.8
3575302759,450567.22
5706200170,385248.94
1774000030,517835.78
2224700136,321153.62
1250200418,364536.97
5416500840,386763.4
7335400345,123564.94
3776300010,945177.94
8857320130,495759.25
424069206,738131.75
3592500985,974062.06
9828701295,335199.66
2621750340,281617.97
7334401000,262299.56
3286800110,533945.1
1722069097,477501.84
3574770030,633502.1
1336300610,803373.9
7230900100,276539.16
6141100320,367121.12
2767602356,692485.4
476000017,474376.38
2558600100,458913.06
3500100015,273306.94
4074300150,474595.84
8907500070,3561563.8
4388000260,198873.06
2475900850,248919.67
7852010900,485853.34
318500300,673020.6
9200000050,172794.66
1026069106,438346.6
205000120,650162.56
2616800600,771705.25
921049141,476741.06
2023069059,517432.97
7229900145,383567.0
4376800010,539573.9
4389201095,2526617.8
826069127,483531.53
2310000250,302752.47
4058801225,342381.5
6600220550,443858.97
3585300194,1120461.0
2594200375,369561.44
1102000514,1004845.06
1862400471,442293.84
6928000440,295252.5
9578060470,499996.94
8732020670,263737.6
1823069088,302007.9
8712100350,1173075.8
3420069055,302471.97
4229900140,351206.2
8682280490,402812.9
3830630310,266699.16
5100400251,387016.16
1737100830,624160.2
1630700276,333008.47
6326000205,447784.12
3426049284,1508946.5
3814900260,386820.22
7403200050,761638.9
1725059252,943636.9
8899200570,326397.78
4137000700,265882.44
1115300270,626535.56
3904920380,570848.0
2695600195,336448.38
9542100135,678874.56
1552510160,410574.4
1823059241,648201.9
2193320450,682231.94
1122069006,480312.5
7853340330,402304.22
1954420380,463975.56
7299600530,262390.12
1760650670,256679.25
6819100080,576891.06
2767704649,476235.75
2424059035,887355.44
1566100400,414083.97
5255690060,479562.8
8860500130,475456.12
7349650120,377222.94
3291800670,593322.0
3764650010,510726.22
5416500950,424836.56
7973202712,208534.94
3291800120,210728.44
9211500620,240392.12
8643200020,362759.94
9197100101,181908.78
3531900060,320166.78
8842400071,459811.12
6844701680,435582.06
6413600285,406590.62
5196410260,903211.1
824069121,833826.2
3876313120,426658.38
269000030,947938.4
1560930070,513828.5
4435000705,210123.8
9542400025,772457.06
2470200020,1841773.2
7519000580,510093.44
1226059101,402914.72
4449800063,404033.28
2815600305,692217.25
3821200050,260313.67
2644900110,355756.06
8058500005,455165.06
1099760230,229676.83
1954430180,520980.75
7853360480,560232.94
7229100040,320729.4
1432400120,196602.97
1898200080,344866.8
4054520100,794671.8
2568200140,748711.0
587550010,641684.06
4154303215,919043.3
6358900070,1023959.56
3277801640,393622.5
6209000165,346041.62
6143000020,274341.56
2591780180,469247.38
5412400170,236857.55
5466350120,235363.3
2877104196,714245.8
3222059007,255883.7
7957600025,215322.69
2698200210,242644.5
3764500230,551535.25
414100630,324360.62
8029740060,314578.12
1426049054,367052.88
546001060,569577.6
3277801417,357969.94
3630120970,790711.25
2326059080,780795.94
3278612370,343921.56
4024700100,322295.6
7697870860,243412.83
8562900240,775551.4
4059400585,206409.72
5703000050,375499.75
7701990560,774925.1
1760650610,326888.4
5408100035,422042.9
1370800560,1068071.1
2880100240,510413.62
3630060150,576421.94
6071700020,467870.62
2473002500,396961.0
2768300650,579083.2
3523089019,702497.5
2787250190,535031.4
9477940440,443302.7
8732030440,354713.3
236500050,348315.94
993000100,824445.9
5466700360,276605.1
7203220300,804921.44
8682292180,430623.2
5209200010,497305.8
7853360990,400790.8
8663310010,468896.22
2313900165,485441.16
6114600030,490083.0
3303990030,696974.1
6679000960,372477.38
8161000230,508317.06
9510860060,725644.44
1223089083,606785.5
2721049059,278818.16
2523039278,252664.61
9826700707,492788.2
2159900120,480460.94
2767600635,588655.3
3812400455,433415.3
7852030960,425730.06
319500080,787757.75
1061500360,290983.47
1787600209,364459.8
7888700030,456941.3
3623500260,687858.25
4219400520,1365456.1
518500460,1827815.2
2500600297,285261.16
7283900010,294703.12
9225900055,305244.28
4036800925,437240.2
7967900150,431558.88
1782000130,421673.2
3163600015,153303.55
254000075,431178.75
1424059022,921929.6
2768200090,714911.6
4319200505,448792.22
1592000780,663484.94
1687910100,574683.6
5200100115,611049.06
3751600176,179964.78
5608010650,908189.75
2051200506,289443.78
2781280310,293342.03
1023059190,270201.12
2787310130,292227.1
4358700100,409152.0
3121069036,455745.38
1959700225,542789.25
3205500230,384879.5
7974200937,532987.2
6819100111,898437.1
6146600175,158244.03
1525069095,744067.1
1231000510,436852.16
4122700040,1037697.9
2426039314,318650.44
2013200390,260546.64
1854900330,709451.0
1923300135,583640.06
582000135,531778.8
587800130,296188.8
7840800135,240098.16
6116500366,284269.1
6392002635,565115.0
5361700020,345557.84
106000395,421511.56
7199330390,396126.38
2484700155,606760.06
4038300070,459470.1
9407101850,368971.6
293610040,590421.25
7202360760,809935.06
5608010750,1178852.5
7236500025,325899.8
9144300120,284483.9
1454100267,397326.88
1377800135,722235.25
7967700570,244167.28
1562100220,518012.12
2923039243,369177.5
868002080,689288.5
7137960460,263058.34
1023089096,282580.03
3262300818,1752667.2
8563050110,628072.44
7137300245,388423.06
4365200630,385381.25
4100500070,2015492.4
3821400200,235529.69
5379803386,253284.64
4237901075,752010.6
8118600155,411552.12
8946780080,826784.4
1428000970,357712.94
7011201004,663178.75
2799800180,383875.12
522059130,218406.94
4315701163,568025.2
3649100387,429299.94
2125410210,504295.88
3224900130,227584.31
6798100661,363672.34
3626039325,1097982.8
8730000270,341840.56
6065301040,790831.94
1665400165,220566.05
2203500140,392228.5
4058800875,336571.28
5076700025,483402.88
7853420110,541205.0
7818700480,312990.6
8658303080,319622.84
3187600100,569953.1
4077800518,289486.56
2470100110,2507794.8
3451000206,338975.62
1843200350,248314.83
7904700126,425550.25
9430000070,290384.94
6003500749,587906.94
7701990700,782674.6
1310820150,286841.75
3975400190,619069.06
4100000050,602208.75
7202270700,615334.94
7370600020,533535.4
126059225,547836.9
106000015,438250.88
4458800060,709329.9
8944290090,269261.2
8682250330,617549.5
9834200390,454309.84
3275880100,679237.9
7227501190,247218.92
1796100010,583936.8
3831200210,297381.56
2521039066,268428.2
7701800050,434321.5
3904960910,752275.3
5647900670,264380.25
7234600796,574115.0
3021059244,232784.78
7787400030,1762766.8
2051200436,612991.5
8820901415,377459.75
3523069047,695256.0
9194101388,547432.1
7277100610,382725.12
9471200370,1748260.0
2767800140,603109.4
3629870110,509935.34
9136102057,748671.75
8648900060,518646.34
3678900110,372853.03
2767600150,494762.66
1972201511,628408.56
6055000430,586570.7
6624030050,344404.38
2215450150,316636.56
2767603824,477561.06
3585900460,698825.75
2922069134,339672.34
9267200062,372595.3
7228500425,509201.06
1089000190,806039.1
3359500960,559937.0
5152100160,378060.28
7230300060,426824.44
2423059067,427838.38
8016250060,245254.11
2524059267,1201781.2
1438000440,509757.88
3326069026,593649.1
9353300600,315311.56
8691410060,701546.8
6332940070,449423.53
1310980110,275714.12
7428000120,251514.95
3626079040,587017.8
2722049077,274031.44
984220290,279989.5
5347200160,238480.66
4154303655,531116.4
2953000250,271804.8
9523102447,668562.5
5104511840,438074.94
3448740250,509953.84
4219400290,1045926.4
5152100060,642462.94
3279000460,226080.84
1102001274,1148625.9
1251200155,1051329.6
2025700740,262005.05
3820350050,357831.0
1245000438,769532.9
7853230200,491006.5
3832200070,250542.03
2926049400,556701.8
1246700251,898763.6
6372000155,597091.6
7950300670,380716.0
7518504130,552828.06
9286100200,475793.6
3992700585,580098.6
7234600786,638849.0
5476800069,473154.66
1126059201,1003704.4
9527000090,539158.8
402000115,284149.3
8818400450,936551.56
2475900840,222189.58
1437500015,163142.45
2848700095,415999.7
1529300135,383540.62
2597520090,734856.56
7812801125,174474.4
3343903647,451027.22
1951600250,175669.02
9542840590,271978.53
8081010040,858552.2
3262301355,1103283.5
1861400068,509796.28
3295900490,413514.5
4345000440,221674.2
4219400465,907575.0
3797700030,275649.97
3204300860,783052.44
1930301555,482432.5
8807300130,391681.25
4391600035,379054.2
5021900140,1669067.0
2946000590,279740.75
686400210,533206.8
3365900462,253936.22
8682262170,397857.72
7312400325,315504.7
3760100100,376629.47
3579000410,449662.75
1773100755,562594.06
7129300175,280773.25
6303400965,227162.98
1328320440,336657.62
3686900025,240261.02
1221039066,425935.56
7950304095,256139.81
3585900785,794865.06
9455200329,538708.06
629410130,816819.3
1994200375,580835.94
6669200370,733682.25
7262200150,224624.38
7504010750,569961.8
5253300173,333168.56
3395040200,353001.7
322069109,412274.12
4054510270,1026822.8
1710400005,608748.6
8644300170,702018.6
2450000290,1230035.5
6102400166,452860.3
1934800087,434432.1
3333000775,290258.4
5393600509,342418.72
621069039,266007.22
3343903611,479152.28
2954400020,1060649.0
7972000010,182794.47
7214810510,543471.94
5561300540,549133.56
2634500070,354106.62
6822100310,766601.44
9201000100,681468.56
1072100085,355967.16
6190701146,384861.16
3277800845,317232.0
112900020,344937.2
1324059048,655887.06
7979900126,377247.4
7199330370,402678.88
6381500720,447384.16
8078550190,330334.72
7853440140,844807.2
6300000396,373502.2
3374500250,410190.47
3343901188,291568.75
6979900010,788792.2
7199340320,638432.4
1112000125,306502.7
9269200150,382369.75
5104510210,316185.44
925059219,592100.5
100600320,216523.2
1789900080,265799.78
2123049142,316612.1
2459900040,757176.2
3902300450,611783.2
7250000065,441495.7
7823700005,272289.44
3750605247,226097.45
2771601730,430813.34
3298600440,401743.3
9141100005,565509.6
8682262190,397739.34
9407111250,228383.98
1336800010,1532779.2
2255500060,635556.0
7950302345,372052.75
8658303585,275845.62
9184700600,1239063.5
8068000440,288930.8
1310000130,257947.94
7853221330,579330.1
1222029077,293012.94
8562891100,340613.4
2517000260,421173.22
2225300149,347379.78
8651410330,206931.03
2413910050,694358.8
9407100720,278432.84
2112700920,371991.75
3761700251,633028.6
1036400100,671387.9
3585300365,580058.2
8562750060,919159.0
2719100042,428566.1
952007055,402360.62
925049318,590932.75
7203220260,1005090.44
9320990140,291224.72
8567450140,569507.06
5379800810,177505.48
7784000100,513717.75
3992700475,404976.5
7905380280,428164.5
943100683,422385.2
8029770470,545891.56
2818600060,844970.75
1226039124,362049.72
726049184,254406.95
795001930,243378.25
339350150,699001.7
1332700270,381075.25
7548300170,605845.9
6141100330,398032.28
647100096,847630.94
6744700423,361154.12
2895800750,276080.38
4046600220,352984.2
8809200070,389825.1
293700110,894605.06
4178500440,248434.69
4358700164,267927.4
9197100263,283391.8
2426039313,318650.44
9468200163,704411.5
475000190,543914.75
7504180170,467270.88
4036800170,533171.2
2561330040,461177.38
4123400340,523332.12
524069115,805766.25
4047200850,385449.97
8651440230,267304.66
3905030140,568387.7
510000641,691830.56
8663370020,401484.0
2883200760,766322.25
1980200384,749829.3
9468200140,509332.2
1796370150,258694.64
9238900085,523780.5
9191201325,592313.4
2538400060,914008.7
3758900037,740015.06
2472920800,381280.25
321030150,326378.5
2571910100,295559.03
1423910670,311408.12
1118500030,809572.1
1939000010,624173.9
1776460190,505594.16
7504400290,803401.44
3448700070,433049.25
7518501025,586641.7
923059252,401450.7
1431700210,256052.38
8635760480,595894.2
9175600025,1234607.1
7922720250,582239.1
8944360390,520428.03
8948500065,215458.67
8669160310,273686.97
6117502745,378806.25
1789800020,321490.1
226039186,347327.78
6457000080,260763.66
9557300080,524155.28
8562790480,604760.06
6430500008,494443.3
1604590230,714590.56
9542850290,805824.7
7831800395,236087.4
3317500030,1263274.1
624101110,815040.5
3654200039,422105.7
7856000150,819713.7
4338800685,268348.8
3211230300,334013.53
3904910650,536394.94
3598600088,307776.88
3796000400,402383.66
7972601280,466294.62
1450300050,275443.16
7504050090,731063.06
9202650130,536961.56
2419600075,368053.97
1224049005,807591.06
7129303240,348026.72
1922059135,221136.19
7852020250,637607.3
4139910180,1445738.6
4222300040,255713.17
1024069027,933964.06
8944600620,542399.6
5040800060,717902.75
1036400200,550919.6
7899800915,237392.6
3325069025,518998.62
9408300310,529200.6
1773100604,414649.84
5451100490,2036690.8
9536602080,172766.16
9828702055,450133.0
3362401758,560452.06
476000333,491951.4
4364700730,371580.44
5559200020,239335.06
7522600110,263447.75
104510440,243399.36
8820901275,637809.25
3298700125,221837.25
323089172,384167.38
5364200477,562363.44
2222900082,382941.62
6641800020,644163.56
9358001422,337736.53
3438501150,309540.38
2206500430,509836.66
9272201318,543286.94
585000095,725952.44
7708210050,472549.03
9407000840,341852.3
4027701265,576477.44
8644210050,722817.5
8656800020,378374.44
3329520170,215682.14
5104520720,319568.56
3806000005,179436.94
2330000015,743189.2
1447600410,237449.2
8641500252,432015.56
6084600420,283744.75
441000115,450882.3
2597490030,797549.25
650000030,565468.6
3585210200,386365.25
5416501030,426042.8
5406500170,720714.6
2916200065,412521.12
3330501975,423027.75
1774220070,541108.0
8731730710,207805.14
7861500150,373926.3
1402630190,406645.7
9117000230,317765.8
7133300380,561021.0
4232400470,729164.3
1773100972,352253.44
9413400165,363135.88
7658600025,434664.56
6909700040,912089.5
1402900380,285809.06
6625910100,470083.62
3204900010,639973.44
5162100820,335369.44
5560000480,175981.23
1704900303,439664.16
8084900170,1753468.0
2887700091,619636.1
4331400190,246676.08
3762900130,345724.3
52000067,645793.6
5430300120,1205584.2
8956000460,524270.78
8856950310,257149.92
3364900156,387887.8
9310300211,268107.1
6448000020,1053521.6
123039570,447298.84
7600065,491516.22
3123039171,487152.47
8964800445,1357752.0
7857000732,445438.12
7525410090,580226.94
9541600350,772911.0
3186600515,624178.6
4123820450,322908.78
2505500030,1055846.1
1541700240,333623.56
6629300120,337141.5
7399800150,444367.22
9517200180,396251.44
1313300340,523508.34
7967650010,419342.0
8807810090,414366.4
8815400670,892868.9
2310030500,281196.62
2241700075,320303.6
2287400030,327483.44
2827100075,310601.97
1310700390,318374.9
5498100010,464645.5
723000114,1572465.6
6431000987,463865.84
3356407665,233382.95
7852110050,551108.3
8677900123,427097.66
1917300260,255816.84
3396800280,526185.2
8691420050,903112.9
9368700006,324046.5
339600290,409938.25
1592000250,597281.9
1471701780,335626.06
8928100205,601686.9
5029450100,213699.39
5493110080,2006363.9
7883603750,284754.78
1732800175,1079986.4
1518000290,338962.38
8604900017,541647.5
5379805160,327101.1
1254200835,625588.6
3179100482,499786.22
3313600266,209043.88
976000879,650376.5
8819900220,507620.9
2130701535,320420.62
1176001124,612584.75
7893805650,355752.34
3885806840,773170.5
3625600190,1138038.4
8562790150,879729.8
7348200115,202712.55
955000453,523192.9
6817810310,436864.22
4040400340,427039.8
1644500050,696091.94
8029500100,312316.12
5244801230,698376.7
1115100119,390615.9
9542400010,654967.6
423059387,548801.1
4023500990,306653.0
7899800857,265983.88
2976800796,212110.19
1074100020,354033.7
446000010,564325.44
7942601200,443060.1
3575305495,791183.5
8691310040,753230.1
6117500430,844053.44
3924500130,468618.6
2028701075,486755.4
4330600360,240113.28
1324079082,421439.2
9268200484,664463.9
9828701605,618360.44
7518506715,825069.6
5315100277,1276243.1
3942900115,320561.22
1561930020,499761.94
9510970090,591286.25
6163900821,339566.12
9510300220,597500.06
3869900146,367877.8
9262800208,593969.1
2522029039,629012.94
6865200095,725100.7
3782760040,468346.94
4237901250,608838.6
2891000610,246730.89
2749600095,507688.22
5422810010,392111.06
3629980350,788165.8
2459500070,323082.8
5113400364,747632.2
7533800885,686484.6
629410190,801248.25
8651431100,203770.06
7960100050,532270.94
1842200040,428966.8
425200205,231112.7
9477201470,357481.06
7905200365,387204.44
6381500635,344257.25
6052400175,368108.75
1236300268,470532.6
6072800265,1288899.0
3423049311,252099.47
3755100540,403610.06
7852150120,404968.38
4180300050,518043.75
7625701935,343183.72
7132300550,403112.28
3025059093,2405952.0
8161000220,444337.12
7852011020,509215.16
2599200160,267640.62
5536500020,486654.7
2095600150,285398.56
8910500226,402048.4
1681400010,892397.25
1424069110,668883.9
5127001620,327644.97
7940710070,373303.12
2413300980,384955.12
7853400250,597607.2
9542801310,343264.25
1890000169,526518.0
2720000120,297958.38
9424400105,606750.2
7888780090,298225.62
3501100280,394686.62
3905100220,473166.84
723000150,951404.44
8691310980,657218.9
2297400250,544160.2
2892600056,231490.56
5273200080,561863.25
5145100460,503722.94
5561401260,575514.5
7732650040,996184.2
7504101280,1084114.0
8581400345,337818.03
7129302800,346563.12
9551201560,521277.94
1546600020,696415.3
2648000071,229078.53
3339900640,219744.06
7853301240,458633.94
943100262,346603.12
7202430150,944058.1
3558000120,351461.2
3890600150,519002.1
7452500315,286193.1
7173700591,677462.0
438000015,675830.75
928000020,404791.53
3830700010,378850.7
3845100640,393518.88
6675500112,313583.66
1773100920,359283.25
9485940330,473080.66
5561000600,446079.2
1786830090,695955.25
2011000020,240924.81
8024200681,427402.84
5452301810,1543522.8
5515600075,241419.08
357000135,988248.0
2541100010,544677.8
1090000036,809925.75
3459100300,387327.06
2450000295,1091523.2
162500015,428838.38
2592210290,742264.9
5101405265,598167.7
1122069019,606404.9
7501000220,870965.4
1310900140,294052.9
3298700941,258178.3
1972200382,457809.3
5100402764,452398.84
2623069069,559550.56
6372000280,605102.1
4305600240,456379.94
2767602094,585947.25
2500600289,161206.72
7203160090,846510.5
3521069146,656176.1
824059321,2050498.8
9348700610,858940.4
7228501745,512896.8
6021503656,423364.34
5437400630,532645.2
2207100740,410704.03
7202000220,441763.12
629811340,758310.0
1324079029,293873.5
418000010,201028.2
6303400290,207294.67
4139910030,1012549.44
3023039066,401887.78
8698600395,209156.14
2799800710,340269.25
7351200050,571175.8
8564860270,485691.22
2591830020,491975.8
4139420430,1252504.0
9828201725,569953.7
2420069604,249093.5
7224000315,209283.84
3861470120,1775312.0
3222069151,303246.6
3869900155,423240.8
123039346,260259.06
305010050,626609.06
2141340040,594600.5
7504021310,755061.25
2436700315,514525.28
8732750100,376618.3
3298201290,382287.38
9241900150,1015092.25
1180005220,213186.44
5540000050,381122.12
9211520400,260816.12
2623029078,580935.1
7132300695,273469.88
6430500219,481161.6
6084200100,399095.8
7140200280,251532.95
3904910610,650902.7
7625701900,495839.16
9432900560,360876.62
1388600110,232906.25
9126101201,317177.84
4224100030,363838.16
1109000390,530624.75
3336000296,244882.73
7504100590,720825.25
2025701060,288151.53
7527410080,757436.9
7304301045,307340.72
2591840050,428041.62
2767602490,482870.72
5494000040,1191993.5
2473251090,310463.38
3825500080,498471.97
2309710150,432417.44
8901001335,702529.6
1781500435,424014.88
8835220200,333835.2
4037500335,511562.72
1338300180,1603986.0
7968000120,286879.78
686050100,934301.7
1180008315,219598.88
1657300280,427313.2
7856600170,617814.0
4154303125,624086.4
3295730050,614144.8
1777500090,661333.3
203600470,582767.4
6673050020,410397.47
8731980680,303125.44
2273600260,516718.44
1000102,288239.75
4197400005,495464.78
3378100100,268262.1
7856620210,832451.6
9275700765,1059947.2
1246700136,364810.7
4239400740,170143.28
3306300630,216331.88
2524049056,1205049.8
2023049245,264930.47
3210400340,236815.31
2621760350,283741.22
526059183,418688.66
8078460050,713865.9
7504110050,673202.94
3876312840,427601.38
9268850350,336772.94
8085400490,1042150.8
2722059185,377183.38
3644100101,366991.97
1321700030,688691.9
5608000630,1359283.4
825059349,1302224.2
6083000071,238397.66
9164100105,535263.06
1425059145,427501.1
5210200184,569852.56
9477201370,440332.6
2927600630,719674.75
2619920170,796397.0
1560930450,502264.66
2896000510,565158.6
3034200067,665296.44
4025300360,325815.9
3362401295,516146.12
2391600555,406782.6
7550801170,542650.0
5347200175,290274.47
8910500471,382318.34
7199340560,453536.25
9266700175,333323.0
808300270,460547.97
2487200875,602982.8
8728100781,243645.08
5379804888,271774.47
6619510060,516492.78
5416500680,438247.94
1862400087,419420.4
2126049277,405059.94
4137000070,323885.22
8081500060,2101887.5
686800065,819503.44
5561100180,589537.4
798000342,312191.38
5603700095,620138.0
7151700585,1235541.2
8129700565,691185.56
2782100260,618662.44
7011201106,489572.9
2423069084,499744.78
8141300300,328896.6
6601200040,285273.12
290200230,731731.3
1423900220,231422.81
7303200450,225154.98
3755100220,379270.75
796000235,199046.69
7237501040,1074523.9
7203220400,847850.06
9285800275,675004.94
2061100435,547180.5
6414100025,747409.06
5317100750,2130604.0
6145601000,458903.0
5634500775,526203.25
7375300160,677750.9
9558050360,511543.7
4151800420,571941.06
3751600146,193718.16
5302400080,529318.75
357000005,520957.38
7283900306,391005.38
3738900105,342483.72
6822100305,658879.4
7436000205,477673.56
3295730040,623328.56
1526300015,345313.4
3294700101,244819.69
8864000970,208783.47
5469502700,342804.62
8078520310,247673.9
6154900130,333124.06
8945200830,192712.44
1085623630,406103.88
4013800131,280667.22
2287000010,616886.1
546000930,706171.06
4051100390,229511.28
7203100120,686864.5
7523850150,293603.44
3826000665,278328.53
1311800560,224040.75
2877102180,454062.97
3221059044,642456.2
9169600110,507150.56
9510920040,724301.75
8813400155,1204867.1
3896100130,842354.25
2568200740,659738.3
1217000340,319557.0
6430500086,484005.8
5634500234,507319.88
825049073,457917.16
2391601445,1084089.2
7881500330,431703.78
1721801591,167070.55
2473390710,330684.6
5634500891,352157.03
5515600163,383511.0
2560805630,269872.78
8078350280,655035.7
9477201060,391461.7
8827901350,865515.4
3560800040,414496.06
3034200370,474518.0
1328300040,369214.8
2483200010,564186.6
6071800480,384620.1
6200017,224819.19
8149600065,985453.75
3362400615,541291.2
7518502945,590215.8
8001210120,286110.12
8682280340,429076.88
3623500408,1362296.8
3764650070,489492.6
7937600380,346480.84
923000580,598113.5
217500005,460783.9
5419800510,270389.03
8562901250,604885.8
2212200100,326205.47
2310100240,366591.44
8582010240,598434.75
8651410670,206931.03
3330501645,336335.75
8113101232,328571.8
7849202190,280947.06
1864700300,322676.97
5231000060,320674.66
1565900070,262091.02
7555220140,765721.75
7518505160,432518.06
3322049005,570076.0
808300550,421829.25
66000265,375340.4
2880100675,447919.1
1524079156,446158.75
3625700010,1568948.5
3259400024,387611.56
3205000310,372416.28
807800190,369929.25
2783600210,486632.88
9290870040,787241.06
2561360120,403298.38
8857100180,429645.25
4388000070,253190.94
3860900003,857167.94
1176001119,597845.5
6084600330,247210.44
7985000100,241806.19
8026200080,390614.4
3210600010,675495.6
7558300170,460076.06
7852180340,477403.06
524069011,631997.75
3361401011,148062.34
6117502455,256969.73
5602000025,230428.69
4142450490,303329.3
5306100255,382740.44
1795900120,602263.3
1193000280,946401.9
9238480120,674313.94
3630200780,944461.56
1250201130,421263.6
7796000095,936680.2
8635760040,490341.56
9476700135,272244.53
5249804510,452435.97
40000553,235593.27
3204300625,890573.6
2596400050,411284.53
2724069103,358757.7
3744000040,409095.06
7525100590,407161.0
3705900292,370104.62
6169900790,2511135.8
8127700735,1229061.1
3761700067,713779.4
6065300570,904951.9
4022902050,485266.66
3886902590,593843.94
4107100190,1476323.0
2909300150,721531.6
384000135,443892.84
1005000036,393742.62
8856970530,316642.28
3448900320,562624.1
6713700100,382017.3
2260300060,2134885.5
7273100026,647012.3
1277000020,837595.1
2620069113,267361.53
4166800080,340964.06
8731902680,243995.72
2599200830,231361.23
7569500010,754364.5
1825069031,594003.7
4443801495,604311.5
7805450110,631889.3
3345700207,618597.5
1560920450,733748.75
3629950010,474089.62
3782100035,319135.2
5561400340,686649.6
1898310110,254113.31
2122039094,490631.56
631000040,616859.06
293000145,415311.16
8121100015,405906.0
3205200430,405718.3
2475900565,304085.88
1651500040,2166031.0
3955900500,423517.8
7907600100,249728.6
3123039136,390286.0
3972900735,305091.78
1424059130,384518.88
6792200282,277027.5
910000104,282109.62
3751600784,332163.2
946000295,390123.38
7749500070,309735.56
255550070,354427.94
5151600340,283256.2
5415300060,569917.25
287000110,509257.88
7585000110,185552.89
8121200460,535833.06
6891100090,977373.75
7575600100,283088.22
4240400140,548262.3
4046500510,352908.44
2944010240,1013531.0
3449820380,544068.3
7203102140,394751.75
8665900291,496455.22
1775930010,528701.25
1118001631,1231233.8
8911000445,342452.03
117000100,566689.8
9284800085,495100.16
2795000080,528298.56
123039207,414506.72
1312200080,237326.95
1236300290,1084848.4
7549800168,435054.4
6891100260,836740.1
6072000910,502639.38
3226049184,376026.16
1442880320,495069.47
23500190,605834.9
6021502070,518802.66
4168000110,178818.38
792000006,169301.3
9558200210,247366.8
3840700757,751600.5
3876311650,654611.6
1328320800,321926.06
5006000170,229924.9
7575600430,268666.88
7686202580,222997.1
2524069097,1499222.8
4292300024,357060.6
2726049071,384248.34
3526039019,742167.1
3300701365,466732.4
1274500170,201575.72
7282300095,284694.25
8562740440,744246.0
3761100045,2123717.0
2877104265,856872.06
7940710100,494147.28
6071000030,757187.75
6448000100,1610790.6
2923500230,2485129.8
6751300375,495253.62
7214810350,541439.9
1088800470,528637.75
7129300420,247667.77
6149700405,324237.22
9521100855,522113.78
1861400116,868897.9
2787460720,229484.16
6073240060,827867.6
291310100,471866.78
1247100035,1099763.2
2626069030,1385383.2
1326059085,473027.4
6447300265,3165908.0
8651401270,193629.12
3524039209,788756.1
3226069049,1211364.0
7548300425,310334.0
1438000360,507146.22
1777600900,749995.94
5244800695,561771.1
3387900390,258550.6
1954700615,816686.94
1026049036,352305.84
1683500180,251507.77
1939130420,654311.44
2021200530,1325332.5
993002325,407118.3
2780900220,297576.16
2540800390,417365.1
2919700540,656536.6
2787250090,462493.84
8651442520,299982.2
100600860,206604.28
1437580480,992996.2
3886902505,591565.44
173000140,431839.66
5151800045,623970.3
3010300240,581825.56
2085200261,363958.94
1839500065,308630.44
1049010300,378403.3
1328340540,334248.06
8887001625,436236.4
5332200320,809817.6
7137960030,267075.6
5468780250,334143.2
2436200715,610347.25
5137800030,359140.75
1068000520,1392947.9
5379805121,412117.7
7445000105,411887.44
7942601895,653181.1
1727850350,976924.56
9407150310,306028.66
5569620550,695189.06
3179100480,539427.75
3624039111,244923.84
7844200050,365798.0
3304040020,334512.1
7739100155,694067.5
6099400053,189841.44
7468900270,185018.9
396100025,384172.12
1160000255,323592.22
6300000320,364694.5
6392000570,379119.25
7387500235,368882.94
1121000058,452633.2
9828702120,565265.9
7715800310,470237.4
8562740370,695346.9
5637500070,399664.84
5561400470,618590.44
1189000205,427878.78
2412100025,399144.16
1073100065,345572.34
5160300020,540059.9
2770601677,446950.03
5104450070,433663.8
820079043,293151.88
751000190,376760.94
1823049179,348929.0
7430200060,1335825.2
3331000035,433186.8
1775910370,510363.5
3626039299,501527.53
1546600125,608671.44
3260810150,289338.38
6817800330,408460.38
414100045,437334.03
1326039061,370252.53
4055700030,1015905.75
1225069038,2032478.2
2296700260,449253.84
2822049160,213574.9
3395300260,491882.0
5144000036,336569.7
809002290,824685.75
7334501410,364683.38
421049114,179082.05
2623069010,840553.5
1133000144,554706.56
705710290,342307.72
7313200120,697854.0
1269200150,325693.5
9264930970,317520.75
6819100020,1896980.1
5112800421,302989.62
7846700850,267636.53
7227501450,251998.03
5451210150,723556.8
4140900140,438495.03
3537900180,696688.4
7738500475,703657.5
3541600450,421334.72
5379800040,334261.12
6664900330,282674.1
6056100312,381921.12
7766200013,707190.75
8651720470,463096.75
5690500095,653055.9
5423010180,774885.25
3204300610,502437.12
3425059066,534950.25
7856660130,1049651.6
2954400520,1282129.2
2327000110,882396.75
9526600340,703860.1
7695500200,404178.2
7237501180,1210170.1
2008000550,295909.3
1123059126,507316.5
1775500371,695397.94
3459900230,1595346.8
2619950310,489521.06
1771100330,390902.84
1321059097,374840.3
2420069278,256752.7
3832050570,311925.3
7132300525,334845.3
8691410700,731815.75
7967000150,336928.72
1328300810,392911.38
711000110,960174.94
9485951460,409196.88
1771000970,317871.28
2817100900,330269.2
6817800630,396992.44
3558900450,566590.4
7215400770,373254.7
4222000320,201210.42
2791500270,281099.84
424069018,1017772.5
9547205180,696766.1
5631500947,593214.5
1425059193,1079491.0
567000775,421339.53
3904900610,495412.8
3649100346,380057.56
1624049228,397910.47
1559900080,384499.06
2919702040,705639.25
4013800206,194264.67
1025039292,1269141.5
2771604640,823517.06
7203600550,248901.64
1545802830,256419.9
3303910010,544923.56
8617000060,923513.6
7889600190,238752.81
3325069064,520503.5
6300000337,577143.06
1172000150,286745.5
3348401319,376331.8
4188000490,820402.7
7779200355,593239.4
8029900110,439994.7
4060000290,198578.73
9475710040,398185.7
798000535,271367.1
6415100410,481108.38
4299700095,323006.4
6117500955,421217.8
2421039075,217750.34
3362401935,560891.0
1545800205,292127.62
7645900235,668739.1
4141000060,1103606.5
9485800050,566001.1
2436700280,781850.3
7335400400,238441.53
9294300495,710287.75
6649300190,439041.5
7950303270,317843.4
2391601010,408815.8
8129700728,636409.94
7871500685,704154.9
1498304065,563338.2
3862710010,431250.3
9209900335,584899.3
952006857,403832.6
2322069168,472453.94
1775801090,420874.88
5700002165,541266.94
4029400080,447148.7
7796100080,771355.0
9279700150,1638060.1
3876200060,422901.5
2934800025,293725.84
9359100101,1305576.8
3330500335,235048.81
4027700466,389000.25
3204800430,496144.25
5415350770,711352.7
1443550020,528914.06
2810600022,403461.88
1238500281,524436.3
2591020140,482323.03
7137900960,239381.39
1328340630,289460.34
3529200190,320161.28
1624049291,698718.44
4083301120,628465.5
1873100060,709931.5
1773101159,284238.2
7214700350,454146.97
3856902250,469636.4
7169500130,498533.78
4038300010,409769.78
9578500810,437491.28
3345100184,418262.8
452001860,510241.8
7905200037,572535.94
9376301110,547807.06
873900240,285318.56
8682262400,407215.75
7227500910,171623.52
2392100090,472735.2
3221079050,342573.88
4307320280,376936.3
3211270170,569143.25
726059483,610811.94
424049043,1281746.6
6865200140,623882.9
1155640050,408442.88
4139430250,1313204.0
818500100,235843.9
7999600180,189790.56
4099501215,843805.5
4046700140,450456.8
8857600490,191572.12
8677900120,502591.44
5379805253,191831.19
9211510410,238948.25
2337000150,279598.06
1423049029,337074.0
4036800580,481640.9
3942900010,367278.38
3438502715,388431.97
7625702441,435182.62
3905100610,470098.88
2218000335,523374.06
3034200516,353281.88
8024200625,402943.16
8564500020,316578.28
9550202700,457426.56
7518508625,538415.25
1822350070,380327.3
8921000040,786578.44
6648150090,1638605.4
2402100675,641132.3
42000127,297130.94
5100401160,491582.3
7347600507,231983.84
1839910300,342011.44
1250201550,559325.4
9460000010,315688.28
3356402232,229672.0
6819100150,687104.25
8645501330,252766.31
1556200005,633166.3
40000228,165334.0
7300410010,359033.56
4299000030,408111.12
2629600016,586244.6
662310900,369114.47
1909600046,497346.6
7893207490,217333.97
2524049318,1604509.2
924069210,719182.8
1591600527,370796.38
98000060,1361583.8
6392002020,591884.25
2719100400,439739.62
8018600655,355312.25
2141500020,415239.88
3277801580,401014.88
7237500110,1093075.4
626100023,662012.25
4319200820,371509.6
1422029138,450767.06
9517200610,380436.16
7334600280,370438.7
8820902400,652918.25
8944600060,557952.5
100100050,312062.2
8074200100,252830.45
1836980240,820709.44
6648500440,330218.2
9530100225,611131.8
2883200875,601645.6
4218400175,873689.9
1022069183,547124.1
6398000171,539171.1
5021900160,696947.5
8078410250,555851.94
7972602490,351082.97
1962200435,619675.7
7221400285,200005.52
273900030,233643.73
2708450020,487029.34
4083306616,482747.78
3034200435,618756.8
7855000550,1097302.4
871000155,612403.1
8024201714,546423.9
2625069038,1053819.1
2324800350,830615.75
5450900010,1463197.8
1822039225,524233.28
2460700700,310649.97
6679001060,293894.5
2422059111,289007.16
1250200345,267209.84
5589300370,265341.62
2021201000,1187446.0
4302200336,238929.58
1328330290,342742.8
3438500781,409588.88
5453700020,610788.06
123039147,420533.06
8691310070,780653.0
6450303785,336515.12
114100234,468272.38
9212900820,478696.0
4270600025,276567.62
7201600190,489303.56
521049227,789403.25
6300500479,416149.3
1432600100,240489.58
1024000109,392025.06
1430800100,297519.4
9164100125,552355.3
1925069183,447616.75
7852160080,826668.5
5317100780,1196318.8
4083304835,489304.03
9478400080,735632.75
4463400195,196596.03
4232901525,546403.56
3845101070,385029.7
1843130980,314277.34
3810000480,309743.84
7137960440,261572.62
1231001115,375673.44
5101405340,513226.6
3723800409,673549.75
8651430370,223728.81
6135300010,275502.53
23520380,492070.12
2935400100,558802.9
6137500320,1089853.9
7841300230,316224.94
3521069051,383350.12
2621400080,289788.75
5104530240,363732.7
2022069200,390835.75
5469501850,427166.5
9206950110,266435.78
3298300210,351596.97
2810600015,382477.34
7298050090,462970.88
7202290620,468360.8
3211290370,494316.5
1591600506,394410.06
2827100070,324126.25
2482410130,423229.5
4364200125,452093.94
6388910730,666144.6
7436500120,495953.12
1822059156,565966.06
9432750190,420014.0
2205700405,360673.62
6056111370,357673.72
3205500160,431921.22
6139100076,383445.2
723069135,376849.7
4123830070,326393.44
2472920740,482241.62
6134500220,663345.75
2734100395,266210.75
3574800090,477361.16
3126049107,463457.25
669000210,762980.1
1139000620,300508.75
3825311190,690503.7
7300400320,374183.88
9407150250,276353.8
3679400503,325687.28
641900050,451262.12
9169100130,603439.56
8091800140,363470.56
9547201155,578318.3
4154302045,366187.16
6638900265,668090.8
1423069063,459795.34
3335000025,434301.2
9269200650,307420.16
1781500180,347691.3
9211500520,247417.52
1853080150,774295.75
2767704756,509954.8
2206700295,388867.88
2557000380,326333.97
11520200,762292.9
3832710680,242663.02
2569500210,349425.2
5230300210,251473.7
6447300225,1173438.2
5035300325,951146.75
7853301660,708264.56
5411800250,323847.22
7203210170,646808.1
4302200415,302146.47
7942100290,225628.31
3629860160,893509.44
1423069076,562015.44
525049085,595961.25
3306200230,210237.25
2193310300,438599.6
7978800621,218562.78
4027700632,453047.34
1761100190,247988.48
2749600245,579070.5
322069141,512585.34
1900000035,164061.27
3361400190,226982.16
1604602050,418847.22
9421500160,366544.94
7788400180,339328.8
1566100625,511968.78
3861500340,247600.45
2524069072,316997.62
3013300980,366747.06
4191500130,804998.2
9407150130,306028.66
3904902500,716432.25
9510900140,256855.81
3368900084,293919.47
3432501415,326933.0
4254000540,498203.0
2767603250,604219.9
2923501130,724089.0
9183703045,314667.8
5279100675,269594.72
3905080310,514451.7
2461900375,690015.9
3346300356,534755.94
1865000110,373044.75
9264930400,319593.56
3447000100,572152.2
2313900510,462491.62
7518507330,585671.9
9368700270,257001.11
1137400420,396230.28
2023069054,270807.12
2141320230,599056.0
9536601295,308313.88
2424400130,345906.38
5210200081,489426.3
4443800785,576221.9
7292700005,599552.7
9834201205,286020.62
3275800050,244615.25
6926700654,629553.6
7511000140,1274091.9
6821101895,586031.1
8964800695,910460.9
6821100195,667072.8
1226059105,562683.7
2806300070,1684803.5
1720069029,266629.72
6384300020,487614.47
8928100125,661150.44
8562770720,514951.38
8650300130,651032.44
2126059172,419296.8
8812401450,773984.25
6646200280,630795.9
4021100045,497210.0
1155620190,424288.34
6061000010,338208.06
3362400472,429702.2
9558020240,488735.53
7309100270,551914.56
7137950210,320432.22
7849200635,244096.73
1311200460,262914.9
284000095,676345.9
1509700050,294958.97
3438503014,285678.25
9406450090,379033.56
5096300140,411664.38
8923600020,1345695.1
809001070,689110.4
2291400342,339213.3
644210020,994723.1
6700390090,262075.02
5631500285,581400.1
104560120,294370.8
6413100311,356990.47
2558700090,485762.1
1471590060,726896.0
8914100170,519089.7
5652601035,435282.66
7852120140,716423.4
6163900952,356776.38
5215200050,546908.7
6352600490,826902.6
3912000020,598411.94
8830400135,235306.06
5467500040,452852.97
9406570300,416548.75
109200390,241505.9
2025770310,786677.44
1939120450,728514.4
7524900003,2097432.0
3755000120,338544.34
2473002850,523702.6
7625703945,448787.5
9477000190,454520.47
1727500230,433396.72
7011201087,600473.94
5561300750,469425.06
3969300030,215354.31
8097000330,345811.03
2025049064,696475.75
985001321,243089.9
1775500050,336861.9
8849300160,345944.62
2316400285,529098.7
2423020180,510800.75
7128300500,581370.2
9512501400,453632.75
7200179,166747.73
5490210670,543001.56
9527000330,590879.25
1972200326,487303.47
4151800195,648179.0
4046500320,427184.44
9834200885,488496.5
8161020050,566414.75
2891000750,215621.47
3426049031,1098467.6
7387500195,333744.16
6303400395,163920.98
638100015,336584.44
4107100204,1643450.6
537000255,251541.83
985001266,303400.78
1137410040,566004.4
7229900250,247009.66
3905100840,471305.94
8100400160,621282.9
1346300150,2437897.5
1443501020,269682.12
5490700035,387830.84
1954600050,372354.5
8122100690,436708.88
3663000070,446250.7
5101406375,519805.03
426059055,468592.22
9268850160,407899.44
8731800840,251893.52
3331001910,316615.72
7603100020,801228.4
809002705,648923.06
4364200075,300234.03
1113000430,172448.28
1176001117,638936.1
3320000212,404617.06
9286000150,1472629.0
301400830,264605.0
425059024,585458.5
8835350300,490746.7
7100000135,280313.88
7696600240,225186.77
9808640320,1214151.4
3764500180,563147.0
326049060,515475.66
4017110200,454739.84
7224500300,304871.62
1560930050,418733.78
726059395,427804.53
8964800890,2409506.5
4045500620,764390.2
8562710250,993861.2
1775800710,357365.16
9528102865,985207.56
8096000060,386916.88
1591000015,255813.67
2310000430,290082.7
3902300350,623893.56
4068300280,266179.78
8732130730,218727.1
6791100410,514413.44
7660100236,375786.3
2568200070,896749.06
7697870310,260432.61
8562901100,658185.44
4016800120,307340.44
7338200180,576889.94
6791400320,251822.66
616000200,410401.0
2917200675,466412.5
2926049086,492643.9
3621059048,350340.47
7987401095,609599.75
5589900590,450719.78
855700170,493246.12
4030500130,326723.84
1755700060,342761.78
2413900050,746849.0
2489200250,433325.22
420000085,251503.45
8106300820,487692.6
8651730580,434094.97
8106300090,450199.56
9842300095,463079.06
9477000280,429483.8
2877102495,426345.62
868001030,1020794.7
8564860110,497287.3
6762700452,574282.0
3294700310,240877.95
7231501665,259335.89
7525900050,563984.4
7882600326,1849562.0
104550690,307831.47
3425059076,876029.4
8835770170,1003953.3
2581300010,1186275.6
844000180,267267.72
7888100240,213622.38
3845100670,505731.6
4027700812,500729.9
291310390,369708.8
9550200370,650995.2
2328800130,320914.5
2372800100,265734.66
2923039264,456283.3
9282801720,285869.84
9520900230,545866.0
985000955,248798.4
1099600090,217654.22
9211010320,504011.72
3825310820,812339.25
9545240180,601451.7
87000245,222036.84
5041300100,731263.9
3624039150,288966.62
1370804430,552498.6
722079056,458778.72
9126100815,511681.28
1770000490,338970.47
3995700250,370854.38
7214820400,460602.0
2473411130,368665.56
1824059079,851517.56
3080000030,483427.78
984200540,328960.25
524059063,1894512.4
9482700475,923350.7
8024200820,514907.7
8568700015,350177.44
1223089050,361323.97
2205500400,538437.4
1279300085,612631.5
7376300085,451610.88
322069020,420733.22
291310150,391024.75
724069059,1013458.5
5255200220,446879.28
1931300850,446064.3
4427100105,367326.0
2881700231,310399.72
8641500280,345084.94
5406500440,713603.75
8078390150,696179.6
8945300090,217728.12
8819901030,777338.1
3179100220,803268.9
2126079046,339892.7
2621750350,301027.94
4014400190,418220.16
7853420110,541205.0
2114700368,294913.12
3438501081,320345.44
6850700670,880170.4
3352402272,287758.0
4157600150,724150.5
8151600941,305805.2
5160300030,543102.5
3820350120,326473.75
7338000800,195840.78
3359500110,760225.25
8016300240,625681.7
7203120050,846634.8
3322049201,273407.56
7231502505,171025.19
8106100105,2667780.2
3895100039,953483.56
1001200035,229552.88
2724201202,228987.89
4038100110,474940.4
8827900015,539250.3
2644900109,424580.56
302000375,210721.02
1604600095,461034.88
2600040160,659842.1
2129700525,351718.7
603000555,368000.28
4083302225,842940.1
7298000090,481216.66
2484700015,687536.25
8945100320,220374.5
5112800042,455966.2
8091411100,282083.78
7375100070,448234.0
7577700061,636595.06
7923700030,436374.97
4235400186,502044.38
1498303700,759431.0
3876312350,433180.62
3797001815,421605.22
868002015,1329682.5
597000550,469753.78
8956200530,440548.06
2207100165,471728.62
7942100180,216592.19
2468800040,402111.7
9842300036,387049.0
5700003985,1548391.0
2988000070,363424.1
8857320260,527969.1
2600040130,569774.9
6632900452,566294.3
7518505910,530622.25
1672000170,653792.5
2597800010,416074.7
8562790720,727646.44
4219401080,1450391.2
7000100711,765577.9
7954000125,576841.5
5700003640,2132340.0
5700000275,616461.5
4019301205,475331.44
8943600360,280834.56
2954400400,1159193.4
1321400060,247135.47
2255500123,676418.1
2781260070,384809.06
1313000220,847635.0
1125069153,1299780.0
8899000310,239102.58
4139450360,935035.25
5511600315,523713.1
3575302575,603607.06
3226049054,414348.62
274100090,429173.88
1545802080,243418.62
6669020500,330826.53
3307700405,498640.75
3760500407,1467328.4
7853270100,684875.4
9320350020,519636.53
7715800430,547583.5
6791400100,366596.7
7708000010,344491.75
1448800010,270156.03
1782500035,327759.66
3449500050,487859.6
2856100515,779057.0
1245000461,841883.6
1219000043,393815.84
5409800110,352441.94
2680700010,774124.5
8143100350,378118.7
2597150270,276866.38
2966800010,348293.7
8854000010,610071.4
2207200635,407927.06
1722059222,264263.53
9358002305,296119.9
6392001950,522666.78
3630080070,398270.0
3797001702,961765.94
8127700440,820172.7
1446400785,213305.0
5016002275,1421794.2
2818100060,838930.25
6431000748,391305.3
7972600450,325532.34
8078570380,329052.8
7889601320,176969.0
1762600280,999406.2
3026059085,974400.25
3475000080,682543.7
1370802620,541329.4
5151600285,292483.88
2722049218,319622.84
7696300080,433243.8
4168100020,222343.89
1474000050,416286.62
2473480350,310022.22
1139600270,319555.47
6699940120,361771.2
7016100120,390806.7
6752510010,723656.2
7915100490,587967.44
984210170,327249.0
6159400030,394408.56
3013300968,362225.5
6404600006,235511.05
2770602170,360967.16
1922059401,201350.55
291300010,377214.3
3856905185,490270.94
7304300905,329576.38
3416600185,609685.8
1786810040,723709.3
4354700010,385636.0
3902100175,1082185.5
4305600360,452556.38
3622069114,643892.75
4376700570,605051.4
6795100589,908982.56
3344500085,357759.0
2206500105,401493.2
8731900880,298626.06
1682000160,226978.69
5104200380,241935.6
1982201595,602032.44
795002190,219765.66
7228500375,604998.9
9412200280,489557.03
5071401000,828893.1
597000566,393408.2
8151600101,197505.78
2028700265,517308.62
1670400090,197172.28
7851980100,1201270.2
5595900345,469100.62
4046700300,441092.06
4324210120,315460.47
2616800050,561817.2
1525079069,813964.7
9828201020,531661.1
2723069146,626523.0
9468200100,532051.7
2883200961,682712.25
1137300690,605364.75
2473100280,434418.0
723049448,255025.17
3066410810,678879.75
5700003280,912841.4
9268200440,436252.62
4053200410,390743.7
1234000704,1305884.2
2473372170,506420.78
2523039239,240220.02
4324500490,179293.1
238000244,472085.53
1105000571,396575.44
1771000430,317871.28
666000142,752730.3
3389900800,445388.0
3578700017,610425.8
3629970190,806747.4
255450250,313766.75
1154100205,319486.6
3629890190,993795.8
3905080870,538814.4
8155820110,308993.84
5135000170,764267.75
2464400435,540170.6
9482700080,585699.2
318900080,414567.6
9477001410,394871.5
825079019,680937.1
1471701200,578059.1
5606000120,982973.94
7853350220,549467.25
1776460110,459786.12
3904920980,686958.8
8087800430,537803.56
3298200320,397481.5
9122500080,319518.9
7893804845,284905.56
1370803730,618681.9
8001450170,271326.2
5561400260,625092.44
7308600010,790843.25
3524039060,355002.66
7300400150,319205.8
207700050,623311.3
5595900355,253333.2
2652500285,817414.7
6744701310,1247454.4
525069127,1197896.5
3334000050,364365.62
8682220390,726382.5
4038700380,614379.1
8073000265,476403.8
9521100960,890507.4
5634500688,826169.56
6813600440,412225.78
1072010350,435168.12
7853301700,560218.0
5141000571,266763.75
2013802060,274175.22
7852070210,1180591.9
1402970070,266629.97
2310040020,400727.0
646910560,332822.72
6647400090,420152.62
8682231110,553406.7
4376700330,555720.0
8069000075,575295.56
7147600220,216132.66
4142450330,258691.19
5101404698,370522.75
6154500070,989693.9
1592000640,569525.5
3756900027,820433.2
7203220130,897440.4
643300010,517706.9
8651720150,599109.7
4139400910,698739.75
5054800110,337865.06
8835200330,384829.25
7682200340,262921.9
7203600745,466998.66
1895000260,240375.39
7922750020,533312.56
5437200050,443689.25
8732160250,285885.38
1442870440,492304.8
1471700410,418119.66
3204800330,379772.06
1923000160,982159.6
2719100013,406691.06
3814900380,346378.4
326049038,559176.06
1068000110,787751.0
8835800010,912490.6
1560920200,456673.8
1668500090,780402.1
2597530070,832250.0
1139000035,533048.2
8032700072,545063.4
7732300390,690123.8
5130000080,471528.5
9276200890,623200.2
342000036,549159.75
5126300060,493002.53
2331300505,768882.9
8651410090,189232.47
200800330,402653.5
7520000616,383499.7
7170200110,456894.25
3021059155,189790.22
3582900280,969361.8
7340600845,239608.88
3905040060,530171.06
3224800120,283195.7
6021503740,439449.94
2570300130,494685.75
8121100395,494671.6
3356404198,248135.88
3630090050,766959.75
923000413,504518.6
9201300020,1414604.4
1777600210,672610.0
7738500731,2559889.5
686900010,809779.06
7967000160,336928.72
3413700130,606641.44
7852190290,564555.8
1180007375,537515.94
3353404510,236065.78
7802900380,318958.4
8021700715,620875.4
3205100080,479208.03
4477000290,398236.2
1118001645,1286402.5
7979900806,317265.88
7228500415,670435.1
7212660640,323660.12
3826000735,193139.48
7714000250,496404.1
4400200057,743817.44
2487200279,689966.56
7140700690,245424.44
3304300080,518960.03
2887950110,268185.6
3760500222,678470.0
9269200786,424527.94
3734900110,241667.17
5045700400,512609.78
2140950130,414321.75
2612000200,362543.1
8563300085,365130.88
2425059173,686860.5
8091410930,257327.53
9422400035,740770.6
1112000100,1154945.1
1323089056,362667.94
5015000596,727841.5
1535204165,624631.75
1438000430,485159.28
3222059130,491303.0
1982200330,720343.56
6624010010,232733.28
2303900035,1972917.9
259600620,514961.22
6072500490,529622.25
123039633,350903.88
8562780090,329190.3
5249802240,625128.2
6071200400,547633.6
826069002,350015.2
2625079030,729939.4
6742700210,1291459.5
9253900408,781033.5
2560803085,233077.56
1237500540,406368.1
425069020,936452.4
9185700440,2614931.0
8656300345,368492.62
4245400045,249103.48
9834201370,378805.9
7853300770,451035.8
9551201295,491266.44
898000220,265734.66
3834000720,361307.1
1245500690,715674.25
4083304190,636033.75
4178300080,743777.7
2960900045,686612.3
1446801030,264306.12
7855800910,632964.7
7853310150,580267.4
8732131090,305674.84
7967600285,351904.25
8651520510,663122.5
5379802650,251471.06
1425059174,482054.0
627300105,794978.0
3124089049,478005.78
1778350270,719529.25
8691500410,437238.94
9169600043,490157.34
100300500,339801.94
3221069054,817120.9
4443800385,554325.25
7922710450,898765.4
7880020030,610567.9
3288020050,304648.97
4136980090,720708.44
1687000240,308924.03
7812801785,277278.3
1126059144,484383.53
792500260,352746.6
3222049055,430488.06
8635750090,717377.8
2767601280,820325.25
5347200162,258654.67
7503800210,285772.25
3394100020,1084763.5
7663700783,394607.25
9454200030,388164.25
3791500050,330116.16
582000185,666311.75
3211230260,335188.12
323059103,330003.78
7297700055,325098.0
1545805460,227804.94
2341800195,292215.97
6648700150,315026.34
3860900035,1589048.2
1980200236,455284.88
1180002745,398214.9
3275890310,557158.06
6840701100,492975.25
8651402750,192545.81
1588600045,423931.6
2422029094,346488.44
1702901500,360610.7
3755100005,522876.16
3624039074,298276.25
7950302995,564359.9
5273200060,624820.06
8025700460,266841.88
280610020,1121325.8
3333002450,303464.75
7379600240,600050.3
4058802300,411781.78
302000065,185678.05
9527000180,689817.2
3626039403,373673.56
9510900360,259725.97
2310040230,338932.97
7308900490,674214.25
2206900065,440223.0
324059161,963076.56
7345310100,228994.44
2422049107,346069.7
8146100095,663635.56
87000283,325408.8
7937600010,323243.06
2618300350,252860.83
224069102,516874.66
7129302095,302312.78
7352200025,621864.94
6163900333,337770.03
3528960020,759289.1
1687000220,298710.94
4141400030,541202.94
1822500160,334634.3
5467910190,291198.3
9331800580,278148.1
2407000405,198303.56
5466700290,327187.8
3026059361,484173.38
1523069096,482600.94
3876312010,475239.88
8832900135,548603.3
9238900616,483334.66
4142450040,309459.8
9282800065,265653.06
5379800862,328528.56
2459950010,307885.78
4435000520,192025.22
1552800010,427983.7
7549800543,386373.0
9828200460,298367.0
6345000160,1110805.8
7129304105,311678.2
4302201005,330293.44
2450500110,858708.6
5166700050,604687.4
1085623710,339406.2
1123049129,268847.06
8566100200,1032693.56
1774000780,454187.25
9492500170,750124.7
686530530,642062.94
4022907770,476117.7
6052400975,227960.75
3438502501,500250.22
3758900023,1085338.9
1645000580,221645.25
8099200030,235574.84
7635801371,465449.16
3456000310,762456.44
2025059150,653164.3
2624039114,401176.7
3348401095,281068.47
6633900170,553851.25
2600000510,641589.2
9414700020,338251.0
3204800520,381061.8
1844500025,324267.84
4137010590,419444.8
8564950280,548572.94
1338800491,1275520.4
4058801702,936804.3
461004720,582495.7
3123059107,455584.56
6819100380,532715.3
1193000390,1179878.2
3450300270,299948.12
3110800040,288991.16
1437910090,625399.5
3645500050,473261.16
4338800600,273233.44
2114700530,260724.86
6381500450,398421.94
9206950200,309263.6
4232900940,590419.6
1025049174,1058482.5
7774200070,627794.56
1231000310,399708.7
8155870200,294143.78
7935000625,777848.4
2426049079,340177.75
4037500230,537692.8
2331550120,316765.53
7974200765,493701.7
686200510,584066.0
4024100670,482013.56
3834500195,510065.72
3526059115,611588.9
7950304075,311991.06
1386800054,375447.8
9834200165,507844.12
6147650300,330760.94
6891800360,586304.44
9170500060,567993.2
65000260,999390.94
7784400130,596539.56
7941140070,412570.3
2122049096,203321.47
6003000851,404659.12
7203220050,955453.4
8898700960,315748.5
5245600105,226400.61
3530470190,208572.12
7883603965,264145.38
4022902505,481470.53
3211100240,334119.62
5119010090,477392.56
3821000100,239264.53
7301300050,371648.5
2171400197,377274.03
9471201175,1427881.8
2473450200,469244.7
2258500045,422769.62
1139000400,445165.5
3298701025,212180.19
1498302774,318197.03
9276200190,485860.3
2909300240,735469.4
1250200693,512342.44
3101500010,358270.12
2557000630,283188.66
1324300091,450390.66
2826049260,432338.7
3342100421,725201.6
3524049083,397011.75
9103000393,1422921.5
3121059033,331077.78
7853240200,577569.8
7950700120,279932.9
1822059057,181678.55
1219000473,331446.75
9272201385,650021.8
1336800185,1000623.06
9268851630,457189.3
2788400315,233950.77
3529000930,594997.0
5631500967,511119.44
2188201010,247833.39
8562970040,764801.44
4415600030,348001.8
2473251170,307256.03
7511200020,501852.88
1163400020,305487.75
5412400180,242713.02
255450400,329789.22
1687000210,308924.03
6749700004,305335.72
2738650030,495106.28
9136100420,754102.0
1924069115,751536.75
714000155,653659.7
904000045,795190.4
3395070640,328116.5
6308000010,598216.75
2695600130,391343.0
3626039279,380907.0
1623089039,246204.38
3438501327,339232.4
8118600025,392302.2
7625703435,692480.06
1807900300,721882.6
1862900360,310155.3
2768100186,522158.6
2524059269,784151.75
1126059108,909437.75
7856610130,832074.6
7203000200,255533.52
3630120700,803324.06
1612500090,204436.34
3586500620,657790.1
5207200360,328336.88
6675500035,402754.53
1781500385,368230.94
1150900080,851408.75
9541600355,995078.0
7525530670,807393.94
844000375,456177.16
9578140180,326531.03
9558041130,363631.75
1788800910,197988.56
9550200225,544614.44
8643200055,285439.4
6143000020,274341.56
8941100095,1028767.5
3630010020,452905.22
2895800610,315418.66
822039084,596209.1
5423600080,513808.4
3992700775,504083.8
3816700150,483651.44
4083302485,757440.5
5127000810,369732.78
1725059182,1139141.6
9485930120,352752.66
293850040,728797.9
8731981940,315893.38
3330501545,326460.03
1026069061,779296.25
8121200710,482008.5
3764390100,463834.88
9493200010,339810.06
2902201301,526522.5
3444120130,567247.8
5256500025,426362.28
4022902715,538105.75
871001500,727987.25
2329700440,178704.16
1773100275,252313.3
7852160070,978323.06
2141330560,577255.4
2505500009,703509.9
8647800150,339029.62
4337000200,238198.12
9264901680,234532.92
1773101050,325496.94
9320990120,321836.12
8856960280,330575.5
5589300585,249764.55
7935000595,743391.25
7203150080,632987.6
5616000030,309551.9
825059178,2179427.0
6666830390,664851.2
8732900840,683888.5
2095800520,488372.6
1771000760,349114.06
1901600090,352559.28
8857600680,222427.03
4038700830,703710.5
8956200070,329020.8
8081500050,1794309.2
567000755,489467.4
424069264,729508.6
1564000410,841049.06
2817100910,384476.34
3303960080,722676.2
3340401535,175259.38
1622059095,268969.12
3278601940,400461.1
7202380120,538821.56
745500010,807711.25
6608500220,420595.62
8024201055,359644.6
8929000140,447195.2
859000160,289860.34
8673400061,473766.47
1269200229,802960.25
6705850300,688357.0
3395040550,304304.3
1697000370,187465.52
5245600120,276066.44
8892900180,222017.16
1794500360,608705.1
2025049192,568416.44
1930301325,925756.0
4217402162,926484.7
8126300410,597972.6
3345700215,749495.44
2887701420,464549.8
2887701251,350585.78
4036100175,689114.3
6762700515,899651.2
3192000085,196760.53
226059096,1271712.5
9238900855,440688.84
6706200130,321337.44
2744000010,286329.84
7202271060,710316.2
7923200150,563548.9
162500030,338327.44
2571910210,278269.34
1523059105,369110.25
6052401215,215179.81
6626100260,604603.2
8925100115,725225.9
5459500165,701819.8
7686202635,182845.9
1118001370,928986.75
122029066,488585.5
8039900130,337114.8
3262300235,1070142.9
8860500300,322417.66
8956000250,511892.12
1646501920,500698.38
9284801500,450802.3
1442880380,461907.6
1311500020,293652.72
254000695,317786.72
9477101280,467039.2
9510970530,612806.2
6891800500,520344.16
9407000230,303241.7
7202340590,836614.0
8151600590,440076.5
9407001600,309651.7
1771000690,317871.28
1525069134,935514.25
8645540040,311038.0
9414500200,419855.0
7883607645,189573.12
3845100140,343410.28
2726049164,482129.4
4340610040,346010.94
1245003006,1063906.0
1105000373,233551.28
6083000123,205971.4
1777600450,584451.56
9558000100,394572.62
2473002060,319054.56
943100689,358625.3
7544800395,414179.94
1931300090,702088.94
7936000252,433680.38
7987400316,302898.3
5152700060,530820.6
1721801025,217254.39
3438501450,261587.1
9222400510,425869.34
1796700160,289593.16
323059208,378070.75
3392100050,211765.38
4038500210,713365.6
6324000090,388077.25
7549802535,405957.12
3343900326,611969.3
5701700640,727706.1
5249803185,607919.6
8838900032,551798.25
1237500577,873351.6
8642600090,257608.92
3303100075,448628.75
2133020020,420645.75
7950302890,628938.56
2770601734,577494.3
2538410140,366508.6
8159600360,502679.66
917000300,422283.7
2391600330,365598.16
9285800585,559126.5
2005950050,207118.0
6450301835,373653.94
2473480520,329833.88
2818600010,919478.1
952006728,440071.06
3422049088,310320.4
3629870420,938665.4
1079350090,317120.97
1509500060,423699.2
4039000050,421470.94
5288200230,629920.0
626400020,785058.6
5457300095,1450439.6
5000500055,220667.88
324000530,459364.06
6713100031,368105.94
3316500200,492810.25
3124059006,1134359.8
1125079111,1454003.0
7852020300,470239.2
123039364,237683.23
7883603190,250679.47
9828700900,510260.8
6821100015,687654.25
9522100375,632173.8
2420069201,227974.88
7504110330,782481.4
475000510,516011.78
2425059074,978941.9
7518503685,341189.16
5466400550,228428.64
7852150720,418785.7
3066400140,567101.75
3298400470,531031.25
2902200874,751602.0
9500900110,220384.6
8835200160,324286.38
6056100295,367181.38
1858600042,338251.0
7224500010,283852.47
5457801925,873629.9
7575620750,241050.06
2391600735,482472.53
6192400180,804081.3
5249803870,618116.3
3575302880,382518.56
7225000045,241802.05
5561720180,286042.2
1972200428,503104.1
892000025,170301.25
2944510080,280641.53
2428100100,746854.75
6647400250,436315.88
121059038,369339.5
6398000191,430489.3
526059103,315630.2
8856960720,322639.75
3832500260,229953.84
1623089025,447048.5
3625710080,1160426.8
6446200060,652085.7
5706200370,519600.84
5515600088,216717.81
8029500360,332421.12
6700390150,262075.02
642500080,429744.4
6150700264,363496.56
2473371780,425191.62
3905120540,593136.44
2652501215,751255.1
3176100110,668662.56
7574910650,704318.75
6385800030,291349.16
4443800960,455262.75
8731951490,315638.9
3380900125,351216.6
9828701508,592804.5
6699950310,361771.2
3321049112,430877.44
1824079052,829755.2
8032700140,836886.1
8679600150,611500.9
5040800120,1164733.0
2026059119,400944.5
4024100951,471207.06
7212650990,336105.56
936000060,411491.28
6181500340,333983.28
1137400050,457405.62
3324079092,375963.75
4268200055,270999.84
6145602240,399125.5
475000176,483960.56
3279000120,239029.86
9392200030,281564.53
3438500714,384518.88
4306500070,445428.8
8588000610,182640.97
792500190,326033.47
2461900850,465934.12
2660500365,345191.9
5451210100,764186.8
2787000040,282474.12
3278602670,259470.23
9528100899,629821.5
1324079085,276173.34
9477001140,399540.25
9521100880,614469.4
7853210060,463287.12
1326069094,419318.8
3420069065,520600.78
5468730280,280405.03
5437600140,349102.75
5127000410,432956.75
5445300050,462837.56
3375300360,233936.25
9297800165,514312.38
6021500840,616683.2
4323700230,521904.2
643000110,242289.33
8043700105,1344549.5
6824100014,452084.44
9542830480,341744.72
736100065,1443128.2
2592210510,814912.25
4233600260,962152.1
1266200015,635108.8
2787700060,360407.16
8843900396,409140.3
8029500380,259061.27
5292200010,439752.62
1773100980,357673.72
2886200070,608298.3
8594400110,310335.2
9268850180,351071.94
4141800285,1392743.2
3188100007,447296.7
1796380960,283408.3
7202330030,472817.25
8078440140,603793.06
7983200060,206311.7
4427100025,381894.2
2113700510,271159.88
6446200305,685105.3
3425079088,537205.4
3304040130,255257.55
3222069153,312848.56
5127000470,333054.5
7525100520,403886.9
1868902745,830059.1
2920700220,361301.56
1105000780,294423.6
8563080020,849413.6
3630090110,853328.0
856000195,2319207.2
8649401000,262667.53
1315300095,871884.5
6802200670,276256.06
1523069022,335382.88
2624049165,421405.06
1972202080,639553.7
7211340030,314578.12
8850000180,292109.25
2787250080,527121.4
4235401055,470719.75
5226500250,517364.38
3294700421,297570.5
322069180,650980.3
1025059186,545695.8
1923039022,411035.12
1402600110,374954.38
6817810190,408352.88
434000030,672384.9
6056110460,466081.22
4337000285,258327.3
5710610250,763502.06
1049010620,265938.72
5112800234,360409.9
2309000060,643493.1
2985800030,470425.8
1604601570,360398.9
1563102435,626060.7
257000105,185986.06
6788201440,667478.2
1442300005,425653.75
4055700784,797378.1
3889100029,805999.1
4139450760,1342303.6
6079500230,667888.9
259601010,446999.47
3980300020,232541.38
9390700100,458775.66
7200001005,461520.53
9264920250,269463.62
8682260470,439444.5
4083303815,1004160.1
7383450250,331416.75
253600180,434782.75
1450000210,169709.47
1133000100,428526.88
7511000050,890881.94
5710600030,536091.2
4178300310,662679.3
3041700570,572627.7
1238500978,478716.06
431500155,679011.8
2937300050,1233022.2
1352300315,206218.06
3277800823,353253.25
8895800110,1086526.8
9274200318,578291.25
1118001805,2047065.9
629810720,765399.75
6852700476,649550.9
7345200650,247688.55
8929000290,449072.62
5506500170,579957.0
8899000140,255100.34
4006000423,302744.1
7137910140,239259.75
2423020010,475634.8
40000362,174424.33
1657000070,233634.16
2124700015,235203.77
1887500045,304849.8
6838000170,414089.88
1310910290,301678.6
3599600276,208492.58
8142000080,325744.12
8856971000,298224.47
624100950,724189.1
2767704332,476509.25
405100165,407376.56
6117501755,373134.06
8961950410,318135.12
1523550480,599943.3
6840701160,552037.75
3331500650,351139.22
1862400517,398585.0
9558021000,373249.38
1310800090,214499.38
5104511040,356975.5
522059189,237753.97
3448720020,397260.94
1310700330,287659.75
5649600462,358805.25
1853000510,883860.56
8128700005,299156.8
6352600210,828170.1
3754500010,854089.2
1962200475,795901.25
1773100765,248747.62
8895800200,945514.2
1310900260,292091.97
809001525,913488.44
2624049103,334343.06
9191200380,590833.0
6600060120,425533.2
8150100045,300827.03
9558010190,376207.3
4038700930,628900.2
2883200775,549159.25
4036800910,496140.0
8673400177,588412.9
7110000068,572136.94
3279000240,221768.72
9545230280,496014.16
8815400105,599811.75
6738700075,759989.6
8732030490,354713.3
9532000070,541725.5
7752400075,526740.5
3824100051,375197.62
2768000270,494650.38
108000127,545700.5
844000225,283755.84
6817850040,775331.75
4447300137,896119.9
8598900125,408792.0
5072410070,542223.75
7129300520,252782.95
3830210020,222018.84
4137040250,296749.78
3022079080,636292.8
722039087,268318.62
3924500040,786180.25
2473381090,369160.94
2201500490,407455.84
9265410090,222149.31
9286750100,358272.88
2023700040,572189.3
324000280,534068.9
3814800280,364604.06
7697100030,460983.44
8731900790,330568.56
8044700010,530313.6
6123600100,207982.78
1450100390,195410.02
579000550,472230.06
2459000020,394810.88
5016000315,528863.6
1193000190,949157.8
4038700730,565295.0
1556200265,783175.7
6600410170,215933.23
642800130,764643.2
1043000100,346040.3
7809200055,238154.28
7010700308,1168458.9
8680500090,469052.3
2719100355,532481.1
7905200147,534278.25
271200130,235438.73
326049103,479017.94
8682211030,474799.1
1070000390,1026026.0
8648700450,629804.7
2695600410,421371.7
8562710640,997294.44
1525200060,591197.7
1822039138,506402.44
2767601375,554284.0
3425069117,1293879.5
952004570,371256.0
7625702616,403201.1
9818700430,412416.5
2822059091,267959.6
1775900220,318185.5
6371000079,637088.9
293760150,1006946.9
1336800880,1289088.2
2771600550,1297490.0
3905040040,534596.3
7787110060,448086.12
7708250040,369535.03
4022901316,496096.94
191100235,1091757.5
7852050220,366071.25
3293700480,451050.88
2597450620,1216388.2
6169900580,1508929.2
2767602855,654836.44
810000080,904554.1
6392000625,413488.1
1865810290,171380.14
1568100380,340347.78
5249804760,436744.25
1337801060,912662.94
6181410950,252631.6
9264900660,306295.8
9122001231,710016.1
4427100030,386163.75
7334400070,284597.3
425079001,599742.5
7436500360,520014.28
1245001295,662747.56
1310500550,293502.38
4047200950,242595.45
9103000455,836610.8
2291400341,339213.3
3876100310,387695.88
7131300031,263971.1
7853380510,582315.2
7409700215,720956.6
5248800250,382779.12
126039323,394227.7
6632300207,355146.25
3826501060,219292.28
8024202520,407816.6
3343901401,717340.9
6431000005,665096.0
9232900075,287544.28
3056700150,204982.4
5104511250,588862.5
3658700510,687721.1
2895110062,246361.05
7454000990,221598.95
4038700680,632460.25
7811220070,542994.3
8091670030,368023.44
3438503045,259036.81
6388900710,481662.5
7956300020,184134.36
1775930440,473396.56
1762600190,903327.4
6600400260,254861.55
8728550150,588545.3
8155500110,549771.8
9169600135,422535.44
1777600490,789006.6
125059179,534906.4
7558700030,2983919.5
1702900624,400746.12
3343901403,566530.4
5101400994,385674.25
5547500050,291410.56
1705400350,422754.72
629810800,956757.25
4104900150,763626.6
7888000390,186918.34
4140900270,340670.25
6649900030,464718.62
820000012,464661.47
6151800080,337448.38
7454001060,251543.5
8682262330,400346.94
1566100010,435956.1
1180500070,370387.44
1112630130,422928.94
3101500090,539146.44
8682310220,671958.6
4032500035,408534.8
1623800440,559672.25
1088400190,252322.67
751000080,446038.8
6675500070,398523.4
2193340140,555160.06
522049074,347102.6
3204500340,211914.66
5104200470,429300.78
7517500611,704439.7
2946002140,291524.53
7631800110,612682.94
3529300330,304064.7
3885801970,727515.3
5456000570,1008104.75
4123810090,414507.5
4037000635,568879.56
8079030350,469460.88
1726069060,608901.94
6858700225,264896.38
3356406510,221024.66
5423030040,735950.6
3111300040,464835.66
259800060,464560.0
1972202320,519116.44
5100403818,461733.2
1422700040,199807.62
3625049014,2249855.8
7852011040,562240.6
1201500010,700327.5
7195800009,307849.1
9407001320,253615.06
9508850100,768125.1
1328340380,281811.7
3885804305,932093.7
7128300630,597868.9
7574000080,390917.38
3744000150,480811.6
2607720150,623051.0
7203190110,662724.2
3904902430,634231.2
11501160,698896.4
9209900315,559835.06
9465910030,577155.75
3622069103,611297.4
3288301010,615238.7
4395600060,743771.3
7694200380,300767.38
9552700550,709053.25
9264921110,260000.31
6738700225,941375.4
293620220,822339.9
7525300310,620258.7
3992700036,335904.3
3577300040,440196.12
3812400202,242636.17
2402100055,720770.3
1853080790,772300.9
1994200260,660628.56
1339300025,662328.0
7616200050,660902.0
4022902555,635050.06
9528102110,587351.56
6613001241,1248486.2
3205400240,352696.8
6065300840,2780923.5
7852040080,460913.12
1920079039,210926.1
2817910030,425810.06
1563102880,625654.8
8561200110,526956.06
629000605,1066498.5
2781270440,252205.28
6152900273,314611.72
3303950130,363022.28
6411600113,346193.16
4055700167,761612.0
291310310,630533.06
9523100550,720872.0
724069070,792969.94
2408800120,343034.2
7559600200,624523.4
8165500790,357567.66
7856620870,776578.6
1588600040,353118.2
1023059246,458129.88
1938000140,739841.5
6061400160,392016.47
4167300350,259745.05
8649400790,309418.78
173000036,385119.62
225039049,550208.7
8043700300,1814769.2
3834000400,377100.62
4054530260,1609413.2
8724300010,769487.4
9358002232,360842.56
3298700012,200972.23
1125059071,958434.9
3885805300,528315.7
5315100784,1181698.0
3861400030,772379.75
7202340010,822745.4
7272001805,333696.75
2781250230,339983.16
1042700300,835961.6
123039279,119529.19
3760500336,1001849.1
6979940100,741251.9
686300880,698773.75
5214500690,388516.8
6021502250,632310.06
1320069223,290593.0
2871000300,744275.1
2724069117,400174.78
1159400220,890801.25
2571900380,274715.44
5528600050,283259.16
7686202730,174849.03
2225059118,1078863.2
2558630350,443682.5
3655400060,469167.28
9558200080,323515.7
1796100015,508845.25
3378900020,482887.75
5416500040,327772.16
8856004582,207966.92
3812400107,425822.25
6126601445,477299.72
2997800021,496351.06
1211000280,336886.94
766800090,249656.9
3224079005,259739.84
619000100,389035.5
4319200620,408065.6
626059335,464248.2
3340401570,299076.06
7015200800,654173.56
8106300510,471167.06
1446110020,459167.84
2872900280,696774.75
8965500320,619362.0
7853300070,664255.44
5652601455,621835.3
7579200915,1006512.94
2641400160,371934.62
203900460,417746.6
2998800040,652046.5
7519000170,519269.94
923000425,648340.3
2973800030,212555.88
6430500182,1018911.7
7304301010,346152.22
3861470110,1875938.5
2296500136,774484.8
6790950150,674826.0
8123100045,587328.56
3142600130,611873.6
7137970130,338053.94
8656800190,444290.94
7135300046,263417.1
3629960680,460151.53
1133000385,1106008.8
1085621960,314524.72
9542802000,229609.6
8151600973,462799.16
7019000050,349279.6
6021501920,706635.2
7399300420,227858.38
7548300731,496654.6
5316100220,807495.6
5152600090,332583.2
1703400470,279613.8
7316400070,380822.0
5561300380,514192.22
2215450100,315060.6
8635750330,658265.1
9492500140,769191.7
5315100393,670392.94
8588000315,216880.53
7524200180,268758.6
4235400255,407820.88
326069131,637275.4
4077800026,1107041.9
9477000120,388372.34
5608000590,1014605.44
4137050130,316522.44
5249801440,375254.88
9264901510,231523.47
5437820250,194466.16
200500410,457209.38
9407111100,330000.97
126039252,377123.3
6141100255,406761.25
3013300830,370222.53
3271300955,762020.25
3021059276,267127.56
9542000050,646896.4
2769600035,824649.56
3824100364,533764.94
1726069202,329902.78
7327500270,300364.9
1189000207,427878.78
2472950160,275659.2
9558040050,547459.25
3438503120,359187.7
9407150240,260761.16
1370804295,583479.75
5700001100,641375.7
6837820030,440378.8
5411600210,982665.56
5061300030,219124.42
525069133,917574.6
2121000250,342150.4
3179100720,542738.56
2780700050,402357.2
1545805820,264646.9
5702380630,279184.0
9211010260,538598.6
7129300595,249680.97
6802200100,232495.47
3304030140,367467.9
2623039019,696738.9
104500730,213040.7
2924069132,640170.6
1775500310,623304.2
8114000040,321612.12
2011400021,465479.78
7525570020,712757.0
2917200615,414719.44
7697000170,277396.28
7871500070,988500.6
7215722010,539015.9
6300000378,447232.72
7159200005,2699631.5
8946410040,420604.44
3893100327,378274.5
635000009,864528.7
2322069116,496764.97
2760200050,316598.8
3432500210,323272.97
5700000245,542473.56
7588700177,355374.6
9178600135,756982.0
9830200475,568824.2
8562780160,329190.3
9826701665,616946.1
7504010900,644746.8
2770606915,523511.34
1254200075,547340.2
2473450430,487043.75
1433290010,461940.62
7586200061,391392.25
6841700070,440647.25
9826701320,445750.5
8943600720,278138.28
6791900260,780119.4
2301400640,759582.44
7979900210,358092.16
4037200665,408243.88
984000650,311138.28
2937300060,976321.06
8731982190,257280.42
1445200190,273505.62
952003285,738826.1
1402970020,440346.88
2487700274,442835.38
8113101670,450325.8
8682300400,561290.2
809002435,805784.75
4045900147,578905.44
2991000400,266234.88
9456200405,196964.62
5104510370,307208.25
9414610240,447433.66
2111010760,463200.97
1854900430,682892.0
2624300080,914218.75
3645100280,520366.5
1433100010,274548.6
9533600100,1239108.4
6743700030,531644.44
9294300070,678506.25
2114700540,264636.03
7853280550,801852.94
868000175,687822.1
1446401290,237046.23
9109000050,277014.28
8856004327,273794.53
2329800110,300260.94
3031200230,495026.5
7582700075,1480242.2
2422049104,101841.836
9274202885,475244.4
1770000090,447968.62
9500900430,246054.86
7305900082,356829.47
3336000170,260151.61
5680000455,746963.7
9808630210,923324.25
8807810110,599544.1
3824100211,461807.6
3423059153,471540.2
3937900120,509546.94
524059323,779999.6
4305600250,516385.9
1257201375,583078.1
853600150,1343790.8
2424059174,1600708.2
5205000400,296278.94
2658000115,214899.06
3055800020,259000.98
357000025,526837.44
5666300010,302320.56
4167700210,247444.66
9187200275,606404.9
2960900040,491164.3
1021049022,212815.72
7750500120,233714.6
7153200160,1329833.4
4406000390,226511.61
629800380,1060132.2
2026049125,365833.22
6117502230,1203065.5
3379100130,537343.2
2472920140,422933.75
7214720075,491393.44
1771110070,323927.53
5127001600,337118.03
6666860210,346939.12
5467200055,366085.56
7819000040,355242.1
3790700070,281054.8
6362900138,401373.75
597000593,369569.22
8032700070,663490.6
9301300215,791423.44
8902500118,490526.75
6607000095,379876.75
2163900081,762318.3
7732500270,625946.7
3856903515,592853.1
2557000400,296094.5
4386700135,2029501.2
7399000360,290352.25
